#
# There is insufficient memory for the Java Runtime Environment to continue.
# Native memory allocation (mmap) failed to map 90177536 bytes for G1 virtual space
# Possible reasons:
#   The system is out of physical RAM or swap space
#   The process is running with CompressedOops enabled, and the Java Heap may be blocking the growth of the native heap
# Possible solutions:
#   Reduce memory load on the system
#   Increase physical memory or swap space
#   Check if swap backing store is full
#   Decrease Java heap size (-Xmx/-Xms)
#   Decrease number of Java threads
#   Decrease Java thread stack sizes (-Xss)
#   Set larger code cache with -XX:ReservedCodeCacheSize=
#   JVM is running with Unscaled Compressed Oops mode in which the Java heap is
#     placed in the first 4GB address space. The Java Heap base address is the
#     maximum limit for the native heap growth. Please use -XX:HeapBaseMinAddress
#     to set the Java Heap base and to place the Java Heap above 4GB virtual address.
# This output file may be truncated or incomplete.
#
#  Out of Memory Error (os_windows.cpp:3604), pid=47468, tid=51040
#
# JRE version: Java(TM) SE Runtime Environment (21.0.11+9) (build 21.0.11+9-LTS-211)
# Java VM: Java HotSpot(TM) 64-Bit Server VM (21.0.11+9-LTS-211, mixed mode, sharing, tiered, compressed oops, compressed class ptrs, g1 gc, windows-amd64)
# No core dump will be written. Minidumps are not enabled by default on client versions of Windows
#

---------------  S U M M A R Y ------------

Command Line: --add-opens=java.base/java.lang=ALL-UNNAMED --add-opens=java.base/java.lang.invoke=ALL-UNNAMED --add-opens=java.base/java.util=ALL-UNNAMED --add-opens=java.prefs/java.util.prefs=ALL-UNNAMED --add-exports=jdk.compiler/com.sun.tools.javac.api=ALL-UNNAMED --add-exports=jdk.compiler/com.sun.tools.javac.util=ALL-UNNAMED --add-opens=java.base/java.util=ALL-UNNAMED --add-opens=java.prefs/java.util.prefs=ALL-UNNAMED --add-opens=java.base/java.nio.charset=ALL-UNNAMED --add-opens=java.base/java.net=ALL-UNNAMED --add-opens=java.base/java.util.concurrent.atomic=ALL-UNNAMED --add-opens=java.xml/javax.xml.namespace=ALL-UNNAMED -XX:MaxMetaspaceSize=512m -Xmx1536m -Dfile.encoding=UTF-8 -Duser.country=ES -Duser.language=es -Duser.variant -javaagent:C:\Users\Cesar\.gradle\wrapper\dists\gradle-8.14.3-bin\cv11ve7ro1n3o1j4so8xd9n66\gradle-8.14.3\lib\agents\gradle-instrumentation-agent-8.14.3.jar org.gradle.launcher.daemon.bootstrap.GradleDaemon 8.14.3

Host: AMD Ryzen 7 3800XT 8-Core Processor            , 16 cores, 15G,  Windows 10 , 64 bit Build 19041 (10.0.19041.5915)
Time: Thu May 14 03:44:53 2026 Hora estándar de Argentina elapsed time: 22.704296 seconds (0d 0h 0m 22s)

---------------  T H R E A D  ---------------

Current thread (0x000001ed50872ab0):  VMThread "VM Thread"          [id=51040, stack(0x000000218d400000,0x000000218d500000) (1024K)]

Stack: [0x000000218d400000,0x000000218d500000]
Native frames: (J=compiled Java code, j=interpreted, Vv=VM code, C=native code)
V  [jvm.dll+0x6d0ef9]
V  [jvm.dll+0x860126]
V  [jvm.dll+0x86261e]
V  [jvm.dll+0x862cf3]
V  [jvm.dll+0x282bc6]
V  [jvm.dll+0x6cd7a5]
V  [jvm.dll+0x6c232a]
V  [jvm.dll+0x35bfb8]
V  [jvm.dll+0x363c76]
V  [jvm.dll+0x3b4d8e]
V  [jvm.dll+0x3b5038]
V  [jvm.dll+0x32fa6c]
V  [jvm.dll+0x3322c9]
V  [jvm.dll+0x33c883]
V  [jvm.dll+0x37200f]
V  [jvm.dll+0x8689ef]
V  [jvm.dll+0x869d7c]
V  [jvm.dll+0x86a2b1]
V  [jvm.dll+0x86a553]
V  [jvm.dll+0x80ac0d]
V  [jvm.dll+0x6cf79d]
C  [ucrtbase.dll+0x21bb2]
C  [KERNEL32.DLL+0x17374]
C  [ntdll.dll+0x4cc91]

VM_Operation (0x000000218cfffaf0): G1PauseRemark, mode: safepoint, requested by thread 0x000001ed31b7cfb0


---------------  P R O C E S S  ---------------

Threads class SMR info:
_java_thread_list=0x000001ed7413bae0, length=254, elements={
0x000001ed31ab83b0, 0x000001ed50889850, 0x000001ed5088a660, 0x000001ed5088c3b0,
0x000001ed508901b0, 0x000001ed50891560, 0x000001ed50892170, 0x000001ed5089cea0,
0x000001ed508a09c0, 0x000001ed509f7190, 0x000001ed50b4b180, 0x000001ed7179adf0,
0x000001ed72011390, 0x000001ed721ba840, 0x000001ed721b6120, 0x000001ed71fdd320,
0x000001ed71f50dd0, 0x000001ed71f50740, 0x000001ed71f500b0, 0x000001ed71f51af0,
0x000001ed71f51460, 0x000001ed71f53530, 0x000001ed71f52ea0, 0x000001ed7227f2c0,
0x000001ed7227a400, 0x000001ed7227c4d0, 0x000001ed7227d1f0, 0x000001ed7227f950,
0x000001ed7227ffe0, 0x000001ed7227df10, 0x000001ed72280d00, 0x000001ed7227e5a0,
0x000001ed7227b7b0, 0x000001ed7227be40, 0x000001ed7227aa90, 0x000001ed7227cb60,
0x000001ed7227d880, 0x000001ed7422e710, 0x000001ed74231500, 0x000001ed7422f430,
0x000001ed7422fac0, 0x000001ed74230e70, 0x000001ed74231b90, 0x000001ed742335d0,
0x000001ed73289e80, 0x000001ed7328d990, 0x000001ed73289160, 0x000001ed7328b8c0,
0x000001ed73287db0, 0x000001ed73288ad0, 0x000001ed73288440, 0x000001ed7328bf50,
0x000001ed732897f0, 0x000001ed7328a510, 0x000001ed73287090, 0x000001ed7328aba0,
0x000001ed73286a00, 0x000001ed7328c5e0, 0x000001ed7328e020, 0x000001ed7328cc70,
0x000001ed7328d300, 0x000001ed7379a500, 0x000001ed737a00e0, 0x000001ed7379b220,
0x000001ed7379ab90, 0x000001ed73799e70, 0x000001ed7379d980, 0x000001ed7379d2f0,
0x000001ed7379e010, 0x000001ed7379f3c0, 0x000001ed7379b8b0, 0x000001ed7379cc60,
0x000001ed7379bf40, 0x000001ed7379ed30, 0x000001ed7379c5d0, 0x000001ed737997e0,
0x000001ed7379e6a0, 0x000001ed7379fa50, 0x000001ed73799150, 0x000001ed737a0770,
0x000001ed75dd4150, 0x000001ed75dce570, 0x000001ed75dd19f0, 0x000001ed75dd47e0,
0x000001ed75dd2080, 0x000001ed75dd3430, 0x000001ed75dd0cd0, 0x000001ed75dcec00,
0x000001ed75dd2710, 0x000001ed75dcdee0, 0x000001ed756359a0, 0x000001ed75636d50,
0x000001ed7563aef0, 0x000001ed7563bc10, 0x000001ed7563a860, 0x000001ed756373e0,
0x000001ed75634c80, 0x000001ed75637a70, 0x000001ed75635310, 0x000001ed75638e20,
0x000001ed75638100, 0x000001ed756394b0, 0x000001ed75639b40, 0x000001ed7563a1d0,
0x000001ed731a7ec0, 0x000001ed731ac6f0, 0x000001ed731a8be0, 0x000001ed731acd80,
0x000001ed731ab340, 0x000001ed731ab9d0, 0x000001ed731a6b10, 0x000001ed731ae130,
0x000001ed731a71a0, 0x000001ed731a7830, 0x000001ed731a8550, 0x000001ed745d5640,
0x000001ed745dab90, 0x000001ed745d97e0, 0x000001ed745d9e70, 0x000001ed745d69f0,
0x000001ed745d7080, 0x000001ed745d9150, 0x000001ed745d7710, 0x000001ed745d3c00,
0x000001ed745db220, 0x000001ed745d8430, 0x000001ed745d5cd0, 0x000001ed745da500,
0x000001ed745d4290, 0x000001ed745d7da0, 0x000001ed745d8ac0, 0x000001ed745d4fb0,
0x000001ed745d4920, 0x000001ed745d6360, 0x000001ed731a9270, 0x000001ed731a9900,
0x000001ed731adaa0, 0x000001ed731a9f90, 0x000001ed731aacb0, 0x000001ed75636030,
0x000001ed703b4980, 0x000001ed703b7e00, 0x000001ed703b70e0, 0x000001ed703b3c60,
0x000001ed703b42f0, 0x000001ed703b8490, 0x000001ed703b9ed0, 0x000001ed703b8b20,
0x000001ed703b7770, 0x000001ed703b5d30, 0x000001ed703b63c0, 0x000001ed703b9840,
0x000001ed703b6a50, 0x000001ed703b35d0, 0x000001ed703ba560, 0x000001ed703b91b0,
0x000001ed703bbfa0, 0x000001ed703babf0, 0x000001ed703bb280, 0x000001ed703bb910,
0x000001ed703b5010, 0x000001ed703bc630, 0x000001ed703b56a0, 0x000001ed703bd9e0,
0x000001ed703bfab0, 0x000001ed703bd350, 0x000001ed703c0140, 0x000001ed703c07d0,
0x000001ed703c0e60, 0x000001ed703c1b80, 0x000001ed703c14f0, 0x000001ed703c28a0,
0x000001ed770d5440, 0x000001ed770db6b0, 0x000001ed770d6160, 0x000001ed770db020,
0x000001ed770d8f50, 0x000001ed770d9c70, 0x000001ed770dca60, 0x000001ed770dbd40,
0x000001ed770d7510, 0x000001ed770dc3d0, 0x000001ed770d6e80, 0x000001ed770d7ba0,
0x000001ed770d8230, 0x000001ed770d88c0, 0x000001ed770dd0f0, 0x000001ed770dd780,
0x000001ed770d95e0, 0x000001ed770da300, 0x000001ed770d67f0, 0x000001ed770dde10,
0x000001ed770e1290, 0x000001ed770de4a0, 0x000001ed770deb30, 0x000001ed770df1c0,
0x000001ed770dfee0, 0x000001ed770df850, 0x000001ed770e0570, 0x000001ed770e0c00,
0x000001ed770da990, 0x000001ed770e2cd0, 0x000001ed770e3360, 0x000001ed770e1920,
0x000001ed770e1fb0, 0x000001ed770e2640, 0x000001ed770e39f0, 0x000001ed770e4080,
0x000001ed770e4710, 0x000001ed70123610, 0x000001ed70125050, 0x000001ed701256e0,
0x000001ed70124330, 0x000001ed70129f10, 0x000001ed70128b60, 0x000001ed70122f80,
0x000001ed70123ca0, 0x000001ed70126a90, 0x000001ed701249c0, 0x000001ed70125d70,
0x000001ed701284d0, 0x000001ed70127120, 0x000001ed70129880, 0x000001ed701277b0,
0x000001ed701291f0, 0x000001ed70127e40, 0x000001ed7012a5a0, 0x000001ed703c2210,
0x000001ed703bccc0, 0x000001ed703be070, 0x000001ed703be700, 0x000001ed703bed90,
0x000001ed731aa620, 0x000001ed76e7ccf0, 0x000001ed76e7b940, 0x000001ed76e777a0,
0x000001ed76e7d380, 0x000001ed76e7da10, 0x000001ed76e7e0a0, 0x000001ed76e77110,
0x000001ed76e7edc0, 0x000001ed76e7e730, 0x000001ed76e7ac20, 0x000001ed76e77e30,
0x000001ed7739a1d0, 0x000001ed7739b640, 0x000001ed7739bd10, 0x000001ed7739a8a0,
0x000001ed77396b50, 0x000001ed773978f0, 0x000001ed7739cab0, 0x000001ed77396480,
0x000001ed508a2bd0, 0x000001ed508a32a0
}

Java Threads: ( => current thread )
  0x000001ed31ab83b0 JavaThread "main"                              [_thread_blocked, id=52584, stack(0x000000218cd00000,0x000000218ce00000) (1024K)]
  0x000001ed50889850 JavaThread "Reference Handler"          daemon [_thread_blocked, id=9228, stack(0x000000218d500000,0x000000218d600000) (1024K)]
  0x000001ed5088a660 JavaThread "Finalizer"                  daemon [_thread_blocked, id=18476, stack(0x000000218d600000,0x000000218d700000) (1024K)]
  0x000001ed5088c3b0 JavaThread "Signal Dispatcher"          daemon [_thread_blocked, id=51524, stack(0x000000218d700000,0x000000218d800000) (1024K)]
  0x000001ed508901b0 JavaThread "Attach Listener"            daemon [_thread_blocked, id=20416, stack(0x000000218d800000,0x000000218d900000) (1024K)]
  0x000001ed50891560 JavaThread "Service Thread"             daemon [_thread_blocked, id=28036, stack(0x000000218d900000,0x000000218da00000) (1024K)]
  0x000001ed50892170 JavaThread "Monitor Deflation Thread"   daemon [_thread_blocked, id=12052, stack(0x000000218da00000,0x000000218db00000) (1024K)]
  0x000001ed5089cea0 JavaThread "C2 CompilerThread0"         daemon [_thread_in_native, id=44136, stack(0x000000218db00000,0x000000218dc00000) (1024K)]
  0x000001ed508a09c0 JavaThread "C1 CompilerThread0"         daemon [_thread_blocked, id=16564, stack(0x000000218dc00000,0x000000218dd00000) (1024K)]
  0x000001ed509f7190 JavaThread "Common-Cleaner"             daemon [_thread_blocked, id=48732, stack(0x000000218df00000,0x000000218e000000) (1024K)]
  0x000001ed50b4b180 JavaThread "Notification Thread"        daemon [_thread_blocked, id=39272, stack(0x000000218e000000,0x000000218e100000) (1024K)]
  0x000001ed7179adf0 JavaThread "Daemon health stats"               [_thread_blocked, id=44548, stack(0x000000218e900000,0x000000218ea00000) (1024K)]
  0x000001ed72011390 JavaThread "Incoming local TCP Connector on port 53342"        [_thread_in_native, id=47612, stack(0x000000218ea00000,0x000000218eb00000) (1024K)]
  0x000001ed721ba840 JavaThread "Daemon periodic checks"            [_thread_blocked, id=31096, stack(0x000000218eb00000,0x000000218ec00000) (1024K)]
  0x000001ed721b6120 JavaThread "Daemon"                            [_thread_blocked, id=22356, stack(0x000000218ec00000,0x000000218ed00000) (1024K)]
  0x000001ed71fdd320 JavaThread "Handler for socket connection from /127.0.0.1:53342 to /127.0.0.1:53343"        [_thread_in_native, id=14284, stack(0x000000218ed00000,0x000000218ee00000) (1024K)]
  0x000001ed71f50dd0 JavaThread "Cancel handler"                    [_thread_blocked, id=23316, stack(0x000000218ee00000,0x000000218ef00000) (1024K)]
  0x000001ed71f50740 JavaThread "Daemon worker"                     [_thread_blocked, id=42288, stack(0x000000218ef00000,0x000000218f000000) (1024K)]
  0x000001ed71f500b0 JavaThread "Asynchronous log dispatcher for DefaultDaemonConnection: socket connection from /127.0.0.1:53342 to /127.0.0.1:53343"        [_thread_blocked, id=58044, stack(0x000000218f000000,0x000000218f100000) (1024K)]
  0x000001ed71f51af0 JavaThread "Stdin handler"                     [_thread_blocked, id=13436, stack(0x000000218f100000,0x000000218f200000) (1024K)]
  0x000001ed71f51460 JavaThread "Daemon client event forwarder"        [_thread_blocked, id=27688, stack(0x000000218f200000,0x000000218f300000) (1024K)]
  0x000001ed71f53530 JavaThread "Cache worker for journal cache (C:\Users\Cesar\.gradle\caches\journal-1)"        [_thread_blocked, id=24448, stack(0x000000218f300000,0x000000218f400000) (1024K)]
  0x000001ed71f52ea0 JavaThread "File lock request listener"        [_thread_in_native, id=21908, stack(0x000000218f400000,0x000000218f500000) (1024K)]
  0x000001ed7227f2c0 JavaThread "Cache worker for file hash cache (C:\Users\Cesar\.gradle\caches\8.14.3\fileHashes)"        [_thread_blocked, id=61212, stack(0x000000218f500000,0x000000218f600000) (1024K)]
  0x000001ed7227a400 JavaThread "Cache worker for file hash cache (D:\Python Proyectos\KlanList\klanlist\android\.gradle\8.14.3\fileHashes)"        [_thread_blocked, id=56900, stack(0x0000002190000000,0x0000002190100000) (1024K)]
  0x000001ed7227c4d0 JavaThread "Cache worker for Build Output Cleanup Cache (D:\Python Proyectos\KlanList\klanlist\android\.gradle\buildOutputCleanup)"        [_thread_blocked, id=55860, stack(0x0000002190100000,0x0000002190200000) (1024K)]
  0x000001ed7227d1f0 JavaThread "File watcher server"        daemon [_thread_in_native, id=26024, stack(0x000000218de00000,0x000000218df00000) (1024K)]
  0x000001ed7227f950 JavaThread "File watcher consumer"      daemon [_thread_blocked, id=62076, stack(0x000000218e100000,0x000000218e200000) (1024K)]
  0x000001ed7227ffe0 JavaThread "jar transforms"                    [_thread_blocked, id=6444, stack(0x0000002190800000,0x0000002190900000) (1024K)]
  0x000001ed7227df10 JavaThread "Cache worker for checksums cache (D:\Python Proyectos\KlanList\klanlist\android\.gradle\8.14.3\checksums)"        [_thread_blocked, id=20312, stack(0x0000002190900000,0x0000002190a00000) (1024K)]
  0x000001ed72280d00 JavaThread "Cache worker for file content cache (C:\Users\Cesar\.gradle\caches\8.14.3\fileContent)"        [_thread_blocked, id=57284, stack(0x0000002190a00000,0x0000002190b00000) (1024K)]
  0x000001ed7227e5a0 JavaThread "Exec process"                      [_thread_blocked, id=55900, stack(0x0000002190b00000,0x0000002190c00000) (1024K)]
  0x000001ed7227b7b0 JavaThread "Exec process Thread 2"             [_thread_blocked, id=56592, stack(0x0000002190c00000,0x0000002190d00000) (1024K)]
  0x000001ed7227be40 JavaThread "Exec process Thread 3"             [_thread_blocked, id=54876, stack(0x0000002190d00000,0x0000002190e00000) (1024K)]
  0x000001ed7227aa90 JavaThread "Cache worker for cache directory md-supplier (C:\Users\Cesar\.gradle\caches\8.14.3\md-supplier)"        [_thread_blocked, id=55548, stack(0x0000002190700000,0x0000002190800000) (1024K)]
  0x000001ed7227cb60 JavaThread "Cache worker for cache directory md-rule (C:\Users\Cesar\.gradle\caches\8.14.3\md-rule)"        [_thread_blocked, id=61380, stack(0x0000002190e00000,0x0000002190f00000) (1024K)]
  0x000001ed7227d880 JavaThread "Cache worker for Build Output Cleanup Cache (D:\Python Proyectos\KlanList\klanlist\node_modules\@react-native\gradle-plugin\.gradle\buildOutputCleanup)"        [_thread_blocked, id=37708, stack(0x0000002190600000,0x0000002190700000) (1024K)]
  0x000001ed7422e710 JavaThread "Unconstrained build operations"        [_thread_blocked, id=42752, stack(0x0000002190500000,0x0000002190600000) (1024K)]
  0x000001ed74231500 JavaThread "Unconstrained build operations Thread 2"        [_thread_blocked, id=27104, stack(0x0000002190f00000,0x0000002191000000) (1024K)]
  0x000001ed7422f430 JavaThread "Unconstrained build operations Thread 3"        [_thread_blocked, id=60152, stack(0x0000002191000000,0x0000002191100000) (1024K)]
  0x000001ed7422fac0 JavaThread "Unconstrained build operations Thread 4"        [_thread_blocked, id=44980, stack(0x0000002191100000,0x0000002191200000) (1024K)]
  0x000001ed74230e70 JavaThread "Unconstrained build operations Thread 5"        [_thread_blocked, id=6552, stack(0x0000002191200000,0x0000002191300000) (1024K)]
  0x000001ed74231b90 JavaThread "Unconstrained build operations Thread 6"        [_thread_blocked, id=54920, stack(0x0000002191300000,0x0000002191400000) (1024K)]
  0x000001ed742335d0 JavaThread "Cache worker for Build Output Cleanup Cache (D:\Python Proyectos\KlanList\klanlist\node_modules\expo-modules-autolinking\android\expo-gradle-plugin\.gradle\buildOutputCleanup)"        [_thread_blocked, id=7872, stack(0x000000218e800000,0x000000218e900000) (1024K)]
  0x000001ed73289e80 JavaThread "Unconstrained build operations Thread 7"        [_thread_blocked, id=35736, stack(0x0000002190300000,0x0000002190400000) (1024K)]
  0x000001ed7328d990 JavaThread "Unconstrained build operations Thread 8"        [_thread_blocked, id=4680, stack(0x0000002190400000,0x0000002190500000) (1024K)]
  0x000001ed73289160 JavaThread "Unconstrained build operations Thread 9"        [_thread_blocked, id=31688, stack(0x0000002191400000,0x0000002191500000) (1024K)]
  0x000001ed7328b8c0 JavaThread "Unconstrained build operations Thread 10"        [_thread_blocked, id=58848, stack(0x0000002191500000,0x0000002191600000) (1024K)]
  0x000001ed73287db0 JavaThread "Unconstrained build operations Thread 11"        [_thread_blocked, id=39128, stack(0x0000002191600000,0x0000002191700000) (1024K)]
  0x000001ed73288ad0 JavaThread "Unconstrained build operations Thread 12"        [_thread_blocked, id=42380, stack(0x0000002191700000,0x0000002191800000) (1024K)]
  0x000001ed73288440 JavaThread "Unconstrained build operations Thread 13"        [_thread_blocked, id=48460, stack(0x0000002191800000,0x0000002191900000) (1024K)]
  0x000001ed7328bf50 JavaThread "Unconstrained build operations Thread 14"        [_thread_blocked, id=38084, stack(0x0000002191900000,0x0000002191a00000) (1024K)]
  0x000001ed732897f0 JavaThread "Unconstrained build operations Thread 15"        [_thread_blocked, id=30772, stack(0x0000002191a00000,0x0000002191b00000) (1024K)]
  0x000001ed7328a510 JavaThread "Unconstrained build operations Thread 16"        [_thread_blocked, id=36980, stack(0x0000002191b00000,0x0000002191c00000) (1024K)]
  0x000001ed73287090 JavaThread "Unconstrained build operations Thread 17"        [_thread_blocked, id=45112, stack(0x0000002191c00000,0x0000002191d00000) (1024K)]
  0x000001ed7328aba0 JavaThread "Unconstrained build operations Thread 18"        [_thread_blocked, id=18756, stack(0x0000002191d00000,0x0000002191e00000) (1024K)]
  0x000001ed73286a00 JavaThread "Unconstrained build operations Thread 19"        [_thread_blocked, id=39156, stack(0x0000002191e00000,0x0000002191f00000) (1024K)]
  0x000001ed7328c5e0 JavaThread "Unconstrained build operations Thread 20"        [_thread_blocked, id=57060, stack(0x0000002191f00000,0x0000002192000000) (1024K)]
  0x000001ed7328e020 JavaThread "Unconstrained build operations Thread 21"        [_thread_blocked, id=26744, stack(0x0000002192000000,0x0000002192100000) (1024K)]
  0x000001ed7328cc70 JavaThread "Unconstrained build operations Thread 22"        [_thread_blocked, id=16844, stack(0x0000002192100000,0x0000002192200000) (1024K)]
  0x000001ed7328d300 JavaThread "Unconstrained build operations Thread 23"        [_thread_blocked, id=62248, stack(0x0000002192200000,0x0000002192300000) (1024K)]
  0x000001ed7379a500 JavaThread "Unconstrained build operations Thread 24"        [_thread_blocked, id=20364, stack(0x0000002192300000,0x0000002192400000) (1024K)]
  0x000001ed737a00e0 JavaThread "Unconstrained build operations Thread 25"        [_thread_blocked, id=62348, stack(0x0000002192400000,0x0000002192500000) (1024K)]
  0x000001ed7379b220 JavaThread "Unconstrained build operations Thread 26"        [_thread_blocked, id=49092, stack(0x0000002192500000,0x0000002192600000) (1024K)]
  0x000001ed7379ab90 JavaThread "Unconstrained build operations Thread 27"        [_thread_blocked, id=49040, stack(0x0000002192600000,0x0000002192700000) (1024K)]
  0x000001ed73799e70 JavaThread "Unconstrained build operations Thread 28"        [_thread_blocked, id=57656, stack(0x0000002192700000,0x0000002192800000) (1024K)]
  0x000001ed7379d980 JavaThread "Unconstrained build operations Thread 29"        [_thread_blocked, id=47860, stack(0x0000002192800000,0x0000002192900000) (1024K)]
  0x000001ed7379d2f0 JavaThread "Unconstrained build operations Thread 30"        [_thread_blocked, id=27048, stack(0x0000002192900000,0x0000002192a00000) (1024K)]
  0x000001ed7379e010 JavaThread "Unconstrained build operations Thread 31"        [_thread_blocked, id=25352, stack(0x0000002192a00000,0x0000002192b00000) (1024K)]
  0x000001ed7379f3c0 JavaThread "Unconstrained build operations Thread 32"        [_thread_blocked, id=33052, stack(0x0000002192b00000,0x0000002192c00000) (1024K)]
  0x000001ed7379b8b0 JavaThread "Unconstrained build operations Thread 33"        [_thread_blocked, id=24508, stack(0x0000002192c00000,0x0000002192d00000) (1024K)]
  0x000001ed7379cc60 JavaThread "Unconstrained build operations Thread 34"        [_thread_blocked, id=44808, stack(0x0000002192d00000,0x0000002192e00000) (1024K)]
  0x000001ed7379bf40 JavaThread "Unconstrained build operations Thread 35"        [_thread_blocked, id=58720, stack(0x0000002192e00000,0x0000002192f00000) (1024K)]
  0x000001ed7379ed30 JavaThread "Unconstrained build operations Thread 36"        [_thread_blocked, id=35196, stack(0x0000002192f00000,0x0000002193000000) (1024K)]
  0x000001ed7379c5d0 JavaThread "Unconstrained build operations Thread 37"        [_thread_blocked, id=18572, stack(0x0000002193000000,0x0000002193100000) (1024K)]
  0x000001ed737997e0 JavaThread "Unconstrained build operations Thread 38"        [_thread_blocked, id=23356, stack(0x0000002193100000,0x0000002193200000) (1024K)]
  0x000001ed7379e6a0 JavaThread "Unconstrained build operations Thread 39"        [_thread_blocked, id=56540, stack(0x0000002193200000,0x0000002193300000) (1024K)]
  0x000001ed7379fa50 JavaThread "Unconstrained build operations Thread 40"        [_thread_blocked, id=50936, stack(0x0000002193300000,0x0000002193400000) (1024K)]
  0x000001ed73799150 JavaThread "Unconstrained build operations Thread 41"        [_thread_blocked, id=31064, stack(0x0000002193400000,0x0000002193500000) (1024K)]
  0x000001ed737a0770 JavaThread "Unconstrained build operations Thread 42"        [_thread_blocked, id=39120, stack(0x0000002193500000,0x0000002193600000) (1024K)]
  0x000001ed75dd4150 JavaThread "Unconstrained build operations Thread 43"        [_thread_blocked, id=16136, stack(0x0000002193600000,0x0000002193700000) (1024K)]
  0x000001ed75dce570 JavaThread "Unconstrained build operations Thread 44"        [_thread_blocked, id=19376, stack(0x0000002193700000,0x0000002193800000) (1024K)]
  0x000001ed75dd19f0 JavaThread "Unconstrained build operations Thread 45"        [_thread_blocked, id=27168, stack(0x0000002193800000,0x0000002193900000) (1024K)]
  0x000001ed75dd47e0 JavaThread "Unconstrained build operations Thread 46"        [_thread_blocked, id=876, stack(0x0000002193900000,0x0000002193a00000) (1024K)]
  0x000001ed75dd2080 JavaThread "Unconstrained build operations Thread 47"        [_thread_blocked, id=56348, stack(0x0000002193a00000,0x0000002193b00000) (1024K)]
  0x000001ed75dd3430 JavaThread "Unconstrained build operations Thread 48"        [_thread_blocked, id=10616, stack(0x0000002193b00000,0x0000002193c00000) (1024K)]
  0x000001ed75dd0cd0 JavaThread "Unconstrained build operations Thread 49"        [_thread_blocked, id=60064, stack(0x0000002193c00000,0x0000002193d00000) (1024K)]
  0x000001ed75dcec00 JavaThread "Unconstrained build operations Thread 50"        [_thread_blocked, id=36840, stack(0x0000002193d00000,0x0000002193e00000) (1024K)]
  0x000001ed75dd2710 JavaThread "Unconstrained build operations Thread 51"        [_thread_blocked, id=42572, stack(0x0000002193e00000,0x0000002193f00000) (1024K)]
  0x000001ed75dcdee0 JavaThread "build event listener"              [_thread_blocked, id=16492, stack(0x0000002194000000,0x0000002194100000) (1024K)]
  0x000001ed756359a0 JavaThread "Memory manager"                    [_thread_blocked, id=41372, stack(0x0000002194100000,0x0000002194200000) (1024K)]
  0x000001ed75636d50 JavaThread "Unconstrained build operations Thread 52"        [_thread_blocked, id=39104, stack(0x0000002194200000,0x0000002194300000) (1024K)]
  0x000001ed7563aef0 JavaThread "Unconstrained build operations Thread 53"        [_thread_blocked, id=24176, stack(0x0000002194300000,0x0000002194400000) (1024K)]
  0x000001ed7563bc10 JavaThread "Unconstrained build operations Thread 54"        [_thread_blocked, id=2700, stack(0x0000002194400000,0x0000002194500000) (1024K)]
  0x000001ed7563a860 JavaThread "Unconstrained build operations Thread 55"        [_thread_blocked, id=15236, stack(0x0000002194500000,0x0000002194600000) (1024K)]
  0x000001ed756373e0 JavaThread "Unconstrained build operations Thread 56"        [_thread_blocked, id=55456, stack(0x0000002194600000,0x0000002194700000) (1024K)]
  0x000001ed75634c80 JavaThread "Unconstrained build operations Thread 57"        [_thread_blocked, id=58736, stack(0x0000002194700000,0x0000002194800000) (1024K)]
  0x000001ed75637a70 JavaThread "Unconstrained build operations Thread 58"        [_thread_blocked, id=54016, stack(0x0000002194800000,0x0000002194900000) (1024K)]
  0x000001ed75635310 JavaThread "Unconstrained build operations Thread 59"        [_thread_blocked, id=19056, stack(0x0000002194900000,0x0000002194a00000) (1024K)]
  0x000001ed75638e20 JavaThread "Unconstrained build operations Thread 60"        [_thread_blocked, id=62748, stack(0x0000002194a00000,0x0000002194b00000) (1024K)]
  0x000001ed75638100 JavaThread "Unconstrained build operations Thread 61"        [_thread_blocked, id=3724, stack(0x0000002194b00000,0x0000002194c00000) (1024K)]
  0x000001ed756394b0 JavaThread "Unconstrained build operations Thread 62"        [_thread_blocked, id=46244, stack(0x0000002194c00000,0x0000002194d00000) (1024K)]
  0x000001ed75639b40 JavaThread "Unconstrained build operations Thread 63"        [_thread_blocked, id=49208, stack(0x0000002194d00000,0x0000002194e00000) (1024K)]
  0x000001ed7563a1d0 JavaThread "Unconstrained build operations Thread 64"        [_thread_blocked, id=32620, stack(0x0000002194e00000,0x0000002194f00000) (1024K)]
  0x000001ed731a7ec0 JavaThread "Unconstrained build operations Thread 65"        [_thread_blocked, id=6032, stack(0x0000002194f00000,0x0000002195000000) (1024K)]
  0x000001ed731ac6f0 JavaThread "Unconstrained build operations Thread 66"        [_thread_blocked, id=1248, stack(0x0000002195000000,0x0000002195100000) (1024K)]
  0x000001ed731a8be0 JavaThread "build event listener"              [_thread_blocked, id=1304, stack(0x0000002195100000,0x0000002195200000) (1024K)]
  0x000001ed731acd80 JavaThread "Unconstrained build operations Thread 67"        [_thread_blocked, id=43348, stack(0x0000002195200000,0x0000002195300000) (1024K)]
  0x000001ed731ab340 JavaThread "Unconstrained build operations Thread 68"        [_thread_blocked, id=22180, stack(0x0000002195300000,0x0000002195400000) (1024K)]
  0x000001ed731ab9d0 JavaThread "Unconstrained build operations Thread 69"        [_thread_blocked, id=17828, stack(0x0000002195400000,0x0000002195500000) (1024K)]
  0x000001ed731a6b10 JavaThread "Unconstrained build operations Thread 70"        [_thread_blocked, id=52188, stack(0x0000002195500000,0x0000002195600000) (1024K)]
  0x000001ed731ae130 JavaThread "Unconstrained build operations Thread 71"        [_thread_blocked, id=26760, stack(0x0000002195600000,0x0000002195700000) (1024K)]
  0x000001ed731a71a0 JavaThread "Unconstrained build operations Thread 72"        [_thread_blocked, id=37100, stack(0x0000002195700000,0x0000002195800000) (1024K)]
  0x000001ed731a7830 JavaThread "Unconstrained build operations Thread 73"        [_thread_blocked, id=60136, stack(0x0000002195800000,0x0000002195900000) (1024K)]
  0x000001ed731a8550 JavaThread "Unconstrained build operations Thread 74"        [_thread_blocked, id=36628, stack(0x0000002195900000,0x0000002195a00000) (1024K)]
  0x000001ed745d5640 JavaThread "Unconstrained build operations Thread 75"        [_thread_blocked, id=24656, stack(0x0000002195a00000,0x0000002195b00000) (1024K)]
  0x000001ed745dab90 JavaThread "Unconstrained build operations Thread 76"        [_thread_blocked, id=48560, stack(0x0000002195b00000,0x0000002195c00000) (1024K)]
  0x000001ed745d97e0 JavaThread "Unconstrained build operations Thread 77"        [_thread_blocked, id=48580, stack(0x0000002195c00000,0x0000002195d00000) (1024K)]
  0x000001ed745d9e70 JavaThread "Unconstrained build operations Thread 78"        [_thread_blocked, id=11060, stack(0x0000002195d00000,0x0000002195e00000) (1024K)]
  0x000001ed745d69f0 JavaThread "Unconstrained build operations Thread 79"        [_thread_blocked, id=31056, stack(0x0000002195e00000,0x0000002195f00000) (1024K)]
  0x000001ed745d7080 JavaThread "Unconstrained build operations Thread 80"        [_thread_blocked, id=6512, stack(0x0000002195f00000,0x0000002196000000) (1024K)]
  0x000001ed745d9150 JavaThread "Unconstrained build operations Thread 81"        [_thread_blocked, id=15516, stack(0x0000002196000000,0x0000002196100000) (1024K)]
  0x000001ed745d7710 JavaThread "Unconstrained build operations Thread 82"        [_thread_blocked, id=62936, stack(0x0000002196100000,0x0000002196200000) (1024K)]
  0x000001ed745d3c00 JavaThread "Unconstrained build operations Thread 83"        [_thread_blocked, id=22328, stack(0x0000002196200000,0x0000002196300000) (1024K)]
  0x000001ed745db220 JavaThread "Unconstrained build operations Thread 84"        [_thread_blocked, id=25744, stack(0x0000002196300000,0x0000002196400000) (1024K)]
  0x000001ed745d8430 JavaThread "Unconstrained build operations Thread 85"        [_thread_blocked, id=29632, stack(0x0000002196400000,0x0000002196500000) (1024K)]
  0x000001ed745d5cd0 JavaThread "Unconstrained build operations Thread 86"        [_thread_blocked, id=33224, stack(0x0000002196500000,0x0000002196600000) (1024K)]
  0x000001ed745da500 JavaThread "Unconstrained build operations Thread 87"        [_thread_blocked, id=41464, stack(0x0000002196600000,0x0000002196700000) (1024K)]
  0x000001ed745d4290 JavaThread "Unconstrained build operations Thread 88"        [_thread_blocked, id=43168, stack(0x0000002196700000,0x0000002196800000) (1024K)]
  0x000001ed745d7da0 JavaThread "Unconstrained build operations Thread 89"        [_thread_blocked, id=19936, stack(0x0000002196800000,0x0000002196900000) (1024K)]
  0x000001ed745d8ac0 JavaThread "Unconstrained build operations Thread 90"        [_thread_blocked, id=53008, stack(0x0000002196900000,0x0000002196a00000) (1024K)]
  0x000001ed745d4fb0 JavaThread "ForkJoinPool.commonPool-worker-1" daemon [_thread_blocked, id=15608, stack(0x0000002196a00000,0x0000002196b00000) (1024K)]
  0x000001ed745d4920 JavaThread "ForkJoinPool.commonPool-worker-2" daemon [_thread_blocked, id=42416, stack(0x0000002196b00000,0x0000002196c00000) (1024K)]
  0x000001ed745d6360 JavaThread "ForkJoinPool.commonPool-worker-3" daemon [_thread_blocked, id=1040, stack(0x0000002196c00000,0x0000002196d00000) (1024K)]
  0x000001ed731a9270 JavaThread "ForkJoinPool.commonPool-worker-4" daemon [_thread_blocked, id=41356, stack(0x0000002196d00000,0x0000002196e00000) (1024K)]
  0x000001ed731a9900 JavaThread "ForkJoinPool.commonPool-worker-6" daemon [_thread_blocked, id=35244, stack(0x0000002196e00000,0x0000002196f00000) (1024K)]
  0x000001ed731adaa0 JavaThread "ForkJoinPool.commonPool-worker-5" daemon [_thread_blocked, id=29840, stack(0x0000002196f00000,0x0000002197000000) (1024K)]
  0x000001ed731a9f90 JavaThread "ForkJoinPool.commonPool-worker-7" daemon [_thread_blocked, id=21464, stack(0x0000002197000000,0x0000002197100000) (1024K)]
  0x000001ed731aacb0 JavaThread "ForkJoinPool.commonPool-worker-9" daemon [_thread_blocked, id=45640, stack(0x0000002197100000,0x0000002197200000) (1024K)]
  0x000001ed75636030 JavaThread "ForkJoinPool.commonPool-worker-8" daemon [_thread_blocked, id=41664, stack(0x0000002197200000,0x0000002197300000) (1024K)]
  0x000001ed703b4980 JavaThread "ForkJoinPool.commonPool-worker-10" daemon [_thread_blocked, id=51372, stack(0x0000002197300000,0x0000002197400000) (1024K)]
  0x000001ed703b7e00 JavaThread "Exec process"               daemon [_thread_blocked, id=25336, stack(0x0000002197400000,0x0000002197500000) (1024K)]
  0x000001ed703b70e0 JavaThread "Exec process Thread 2"      daemon [_thread_blocked, id=51708, stack(0x0000002197500000,0x0000002197600000) (1024K)]
  0x000001ed703b3c60 JavaThread "Exec process Thread 3"      daemon [_thread_blocked, id=6352, stack(0x0000002197600000,0x0000002197700000) (1024K)]
  0x000001ed703b42f0 JavaThread "included builds"                   [_thread_blocked, id=56060, stack(0x0000002197700000,0x0000002197800000) (1024K)]
  0x000001ed703b8490 JavaThread "included builds Thread 2"          [_thread_blocked, id=9436, stack(0x0000002197800000,0x0000002197900000) (1024K)]
  0x000001ed703b9ed0 JavaThread "Execution worker"                  [_thread_blocked, id=55176, stack(0x0000002197900000,0x0000002197a00000) (1024K)]
  0x000001ed703b8b20 JavaThread "Execution worker Thread 2"         [_thread_blocked, id=10412, stack(0x0000002197a00000,0x0000002197b00000) (1024K)]
  0x000001ed703b7770 JavaThread "Execution worker Thread 3"         [_thread_blocked, id=31364, stack(0x0000002197b00000,0x0000002197c00000) (1024K)]
  0x000001ed703b5d30 JavaThread "Execution worker Thread 4"         [_thread_blocked, id=57404, stack(0x0000002197c00000,0x0000002197d00000) (1024K)]
  0x000001ed703b63c0 JavaThread "Execution worker Thread 5"         [_thread_blocked, id=58480, stack(0x0000002197d00000,0x0000002197e00000) (1024K)]
  0x000001ed703b9840 JavaThread "Execution worker Thread 6"         [_thread_blocked, id=32888, stack(0x0000002197e00000,0x0000002197f00000) (1024K)]
  0x000001ed703b6a50 JavaThread "Execution worker Thread 7"         [_thread_blocked, id=13568, stack(0x0000002197f00000,0x0000002198000000) (1024K)]
  0x000001ed703b35d0 JavaThread "Execution worker Thread 8"         [_thread_blocked, id=46128, stack(0x0000002198000000,0x0000002198100000) (1024K)]
  0x000001ed703ba560 JavaThread "Execution worker Thread 9"         [_thread_blocked, id=48760, stack(0x0000002198100000,0x0000002198200000) (1024K)]
  0x000001ed703b91b0 JavaThread "Execution worker Thread 10"        [_thread_blocked, id=25212, stack(0x0000002198200000,0x0000002198300000) (1024K)]
  0x000001ed703bbfa0 JavaThread "Execution worker Thread 11"        [_thread_blocked, id=40696, stack(0x0000002198300000,0x0000002198400000) (1024K)]
  0x000001ed703babf0 JavaThread "Execution worker Thread 12"        [_thread_blocked, id=34868, stack(0x0000002198400000,0x0000002198500000) (1024K)]
  0x000001ed703bb280 JavaThread "Execution worker Thread 13"        [_thread_blocked, id=45648, stack(0x0000002198500000,0x0000002198600000) (1024K)]
  0x000001ed703bb910 JavaThread "Execution worker Thread 14"        [_thread_blocked, id=52128, stack(0x0000002198600000,0x0000002198700000) (1024K)]
  0x000001ed703b5010 JavaThread "Execution worker Thread 15"        [_thread_blocked, id=62892, stack(0x0000002198700000,0x0000002198800000) (1024K)]
  0x000001ed703bc630 JavaThread "Cache worker for execution history cache (D:\Python Proyectos\KlanList\klanlist\node_modules\@react-native\gradle-plugin\.gradle\8.14.3\executionHistory)"        [_thread_blocked, id=51472, stack(0x0000002198800000,0x0000002198900000) (1024K)]
  0x000001ed703b56a0 JavaThread "Cache worker for execution history cache (D:\Python Proyectos\KlanList\klanlist\node_modules\expo-modules-autolinking\android\expo-gradle-plugin\.gradle\8.14.3\executionHistory)"        [_thread_blocked, id=22152, stack(0x0000002198900000,0x0000002198a00000) (1024K)]
  0x000001ed703bd9e0 JavaThread "Unconstrained build operations Thread 91"        [_thread_blocked, id=23252, stack(0x0000002198a00000,0x0000002198b00000) (1024K)]
  0x000001ed703bfab0 JavaThread "Unconstrained build operations Thread 92"        [_thread_blocked, id=6864, stack(0x0000002198b00000,0x0000002198c00000) (1024K)]
  0x000001ed703bd350 JavaThread "Unconstrained build operations Thread 93"        [_thread_blocked, id=29968, stack(0x0000002198c00000,0x0000002198d00000) (1024K)]
  0x000001ed703c0140 JavaThread "Unconstrained build operations Thread 94"        [_thread_blocked, id=62848, stack(0x0000002198d00000,0x0000002198e00000) (1024K)]
  0x000001ed703c07d0 JavaThread "Unconstrained build operations Thread 95"        [_thread_blocked, id=52672, stack(0x0000002198e00000,0x0000002198f00000) (1024K)]
  0x000001ed703c0e60 JavaThread "Unconstrained build operations Thread 96"        [_thread_blocked, id=20460, stack(0x0000002198f00000,0x0000002199000000) (1024K)]
  0x000001ed703c1b80 JavaThread "Unconstrained build operations Thread 97"        [_thread_blocked, id=28440, stack(0x0000002199000000,0x0000002199100000) (1024K)]
  0x000001ed703c14f0 JavaThread "Unconstrained build operations Thread 98"        [_thread_blocked, id=1536, stack(0x0000002199100000,0x0000002199200000) (1024K)]
  0x000001ed703c28a0 JavaThread "Unconstrained build operations Thread 99"        [_thread_blocked, id=58348, stack(0x0000002199200000,0x0000002199300000) (1024K)]
  0x000001ed770d5440 JavaThread "Unconstrained build operations Thread 100"        [_thread_blocked, id=27004, stack(0x0000002199300000,0x0000002199400000) (1024K)]
  0x000001ed770db6b0 JavaThread "Unconstrained build operations Thread 101"        [_thread_blocked, id=53040, stack(0x0000002199400000,0x0000002199500000) (1024K)]
  0x000001ed770d6160 JavaThread "Unconstrained build operations Thread 102"        [_thread_blocked, id=59008, stack(0x0000002199500000,0x0000002199600000) (1024K)]
  0x000001ed770db020 JavaThread "Unconstrained build operations Thread 103"        [_thread_blocked, id=25712, stack(0x0000002199600000,0x0000002199700000) (1024K)]
  0x000001ed770d8f50 JavaThread "Unconstrained build operations Thread 104"        [_thread_blocked, id=24012, stack(0x0000002199700000,0x0000002199800000) (1024K)]
  0x000001ed770d9c70 JavaThread "Unconstrained build operations Thread 105"        [_thread_blocked, id=36288, stack(0x0000002199800000,0x0000002199900000) (1024K)]
  0x000001ed770dca60 JavaThread "Unconstrained build operations Thread 106"        [_thread_blocked, id=54832, stack(0x0000002199900000,0x0000002199a00000) (1024K)]
  0x000001ed770dbd40 JavaThread "Unconstrained build operations Thread 107"        [_thread_blocked, id=61804, stack(0x0000002199a00000,0x0000002199b00000) (1024K)]
  0x000001ed770d7510 JavaThread "Unconstrained build operations Thread 108"        [_thread_blocked, id=17144, stack(0x0000002199b00000,0x0000002199c00000) (1024K)]
  0x000001ed770dc3d0 JavaThread "Unconstrained build operations Thread 109"        [_thread_blocked, id=36176, stack(0x0000002199c00000,0x0000002199d00000) (1024K)]
  0x000001ed770d6e80 JavaThread "Unconstrained build operations Thread 110"        [_thread_blocked, id=63464, stack(0x0000002199d00000,0x0000002199e00000) (1024K)]
  0x000001ed770d7ba0 JavaThread "Unconstrained build operations Thread 111"        [_thread_blocked, id=32044, stack(0x0000002199e00000,0x0000002199f00000) (1024K)]
  0x000001ed770d8230 JavaThread "Unconstrained build operations Thread 112"        [_thread_blocked, id=32444, stack(0x0000002199f00000,0x000000219a000000) (1024K)]
  0x000001ed770d88c0 JavaThread "Unconstrained build operations Thread 113"        [_thread_blocked, id=54380, stack(0x000000219a000000,0x000000219a100000) (1024K)]
  0x000001ed770dd0f0 JavaThread "Unconstrained build operations Thread 114"        [_thread_blocked, id=28496, stack(0x000000219a100000,0x000000219a200000) (1024K)]
  0x000001ed770dd780 JavaThread "Unconstrained build operations Thread 115"        [_thread_blocked, id=47884, stack(0x000000219a200000,0x000000219a300000) (1024K)]
  0x000001ed770d95e0 JavaThread "Unconstrained build operations Thread 116"        [_thread_blocked, id=17848, stack(0x000000219a300000,0x000000219a400000) (1024K)]
  0x000001ed770da300 JavaThread "Unconstrained build operations Thread 117"        [_thread_blocked, id=34424, stack(0x000000219a400000,0x000000219a500000) (1024K)]
  0x000001ed770d67f0 JavaThread "Unconstrained build operations Thread 118"        [_thread_blocked, id=47148, stack(0x000000219a500000,0x000000219a600000) (1024K)]
  0x000001ed770dde10 JavaThread "Unconstrained build operations Thread 119"        [_thread_blocked, id=54588, stack(0x000000219a600000,0x000000219a700000) (1024K)]
  0x000001ed770e1290 JavaThread "Unconstrained build operations Thread 120"        [_thread_blocked, id=44332, stack(0x000000219a700000,0x000000219a800000) (1024K)]
  0x000001ed770de4a0 JavaThread "Unconstrained build operations Thread 121"        [_thread_blocked, id=47200, stack(0x000000219a800000,0x000000219a900000) (1024K)]
  0x000001ed770deb30 JavaThread "Unconstrained build operations Thread 122"        [_thread_blocked, id=23260, stack(0x000000219a900000,0x000000219aa00000) (1024K)]
  0x000001ed770df1c0 JavaThread "Unconstrained build operations Thread 123"        [_thread_blocked, id=46624, stack(0x000000219aa00000,0x000000219ab00000) (1024K)]
  0x000001ed770dfee0 JavaThread "Unconstrained build operations Thread 124"        [_thread_blocked, id=19912, stack(0x000000219ab00000,0x000000219ac00000) (1024K)]
  0x000001ed770df850 JavaThread "Unconstrained build operations Thread 125"        [_thread_blocked, id=12036, stack(0x000000219ac00000,0x000000219ad00000) (1024K)]
  0x000001ed770e0570 JavaThread "Unconstrained build operations Thread 126"        [_thread_blocked, id=42092, stack(0x000000219ad00000,0x000000219ae00000) (1024K)]
  0x000001ed770e0c00 JavaThread "Unconstrained build operations Thread 127"        [_thread_blocked, id=22988, stack(0x000000219ae00000,0x000000219af00000) (1024K)]
  0x000001ed770da990 JavaThread "Unconstrained build operations Thread 128"        [_thread_blocked, id=39236, stack(0x000000219af00000,0x000000219b000000) (1024K)]
  0x000001ed770e2cd0 JavaThread "Unconstrained build operations Thread 129"        [_thread_blocked, id=53732, stack(0x000000219b000000,0x000000219b100000) (1024K)]
  0x000001ed770e3360 JavaThread "Unconstrained build operations Thread 130"        [_thread_blocked, id=4284, stack(0x000000219b100000,0x000000219b200000) (1024K)]
  0x000001ed770e1920 JavaThread "Unconstrained build operations Thread 131"        [_thread_blocked, id=18400, stack(0x000000219b200000,0x000000219b300000) (1024K)]
  0x000001ed770e1fb0 JavaThread "Unconstrained build operations Thread 132"        [_thread_blocked, id=6876, stack(0x000000219b300000,0x000000219b400000) (1024K)]
  0x000001ed770e2640 JavaThread "Unconstrained build operations Thread 133"        [_thread_blocked, id=54388, stack(0x000000219b400000,0x000000219b500000) (1024K)]
  0x000001ed770e39f0 JavaThread "Unconstrained build operations Thread 134"        [_thread_blocked, id=20748, stack(0x000000219b500000,0x000000219b600000) (1024K)]
  0x000001ed770e4080 JavaThread "Unconstrained build operations Thread 135"        [_thread_blocked, id=27368, stack(0x000000219b600000,0x000000219b700000) (1024K)]
  0x000001ed770e4710 JavaThread "Unconstrained build operations Thread 136"        [_thread_blocked, id=35192, stack(0x000000219b700000,0x000000219b800000) (1024K)]
  0x000001ed70123610 JavaThread "Unconstrained build operations Thread 137"        [_thread_blocked, id=12068, stack(0x000000219b800000,0x000000219b900000) (1024K)]
  0x000001ed70125050 JavaThread "Unconstrained build operations Thread 138"        [_thread_blocked, id=21692, stack(0x000000219b900000,0x000000219ba00000) (1024K)]
  0x000001ed701256e0 JavaThread "Unconstrained build operations Thread 139"        [_thread_blocked, id=40024, stack(0x000000219ba00000,0x000000219bb00000) (1024K)]
  0x000001ed70124330 JavaThread "Unconstrained build operations Thread 140"        [_thread_blocked, id=24844, stack(0x000000219bb00000,0x000000219bc00000) (1024K)]
  0x000001ed70129f10 JavaThread "Unconstrained build operations Thread 141"        [_thread_blocked, id=10360, stack(0x000000219bc00000,0x000000219bd00000) (1024K)]
  0x000001ed70128b60 JavaThread "Unconstrained build operations Thread 142"        [_thread_blocked, id=34132, stack(0x000000219bd00000,0x000000219be00000) (1024K)]
  0x000001ed70122f80 JavaThread "Unconstrained build operations Thread 143"        [_thread_blocked, id=34484, stack(0x000000219be00000,0x000000219bf00000) (1024K)]
  0x000001ed70123ca0 JavaThread "Unconstrained build operations Thread 144"        [_thread_blocked, id=16940, stack(0x000000219bf00000,0x000000219c000000) (1024K)]
  0x000001ed70126a90 JavaThread "Unconstrained build operations Thread 145"        [_thread_blocked, id=34892, stack(0x000000219c000000,0x000000219c100000) (1024K)]
  0x000001ed701249c0 JavaThread "Unconstrained build operations Thread 146"        [_thread_blocked, id=8600, stack(0x000000219c100000,0x000000219c200000) (1024K)]
  0x000001ed70125d70 JavaThread "Unconstrained build operations Thread 147"        [_thread_blocked, id=45636, stack(0x000000219c200000,0x000000219c300000) (1024K)]
  0x000001ed701284d0 JavaThread "Unconstrained build operations Thread 148"        [_thread_blocked, id=29716, stack(0x000000219c300000,0x000000219c400000) (1024K)]
  0x000001ed70127120 JavaThread "Unconstrained build operations Thread 149"        [_thread_blocked, id=24028, stack(0x000000219c400000,0x000000219c500000) (1024K)]
  0x000001ed70129880 JavaThread "Unconstrained build operations Thread 150"        [_thread_blocked, id=32168, stack(0x000000219c500000,0x000000219c600000) (1024K)]
  0x000001ed701277b0 JavaThread "Unconstrained build operations Thread 151"        [_thread_blocked, id=45852, stack(0x000000219c600000,0x000000219c700000) (1024K)]
  0x000001ed701291f0 JavaThread "Unconstrained build operations Thread 152"        [_thread_blocked, id=40556, stack(0x000000219c700000,0x000000219c800000) (1024K)]
  0x000001ed70127e40 JavaThread "Unconstrained build operations Thread 153"        [_thread_blocked, id=47112, stack(0x000000219c800000,0x000000219c900000) (1024K)]
  0x000001ed7012a5a0 JavaThread "Unconstrained build operations Thread 154"        [_thread_blocked, id=61328, stack(0x000000219c900000,0x000000219ca00000) (1024K)]
  0x000001ed703c2210 JavaThread "Unconstrained build operations Thread 155"        [_thread_blocked, id=42472, stack(0x000000219cc00000,0x000000219cd00000) (1024K)]
  0x000001ed703bccc0 JavaThread "Unconstrained build operations Thread 156"        [_thread_blocked, id=53396, stack(0x000000219cd00000,0x000000219ce00000) (1024K)]
  0x000001ed703be070 JavaThread "Unconstrained build operations Thread 157"        [_thread_blocked, id=22612, stack(0x000000219ce00000,0x000000219cf00000) (1024K)]
  0x000001ed703be700 JavaThread "Unconstrained build operations Thread 158"        [_thread_blocked, id=39792, stack(0x000000219cf00000,0x000000219d000000) (1024K)]
  0x000001ed703bed90 JavaThread "Unconstrained build operations Thread 159"        [_thread_blocked, id=16068, stack(0x000000219d000000,0x000000219d100000) (1024K)]
  0x000001ed731aa620 JavaThread "Unconstrained build operations Thread 160"        [_thread_blocked, id=43164, stack(0x000000219d100000,0x000000219d200000) (1024K)]
  0x000001ed76e7ccf0 JavaThread "WorkerExecutor Queue"              [_thread_blocked, id=46984, stack(0x000000219d300000,0x000000219d400000) (1024K)]
  0x000001ed76e7b940 JavaThread "WorkerExecutor Queue Thread 2"        [_thread_blocked, id=31816, stack(0x000000219d400000,0x000000219d500000) (1024K)]
  0x000001ed76e777a0 JavaThread "RMI Scheduler(0)"           daemon [_thread_blocked, id=15640, stack(0x000000218e200000,0x000000218e300000) (1024K)]
  0x000001ed76e7d380 JavaThread "RMI GC Daemon"              daemon [_thread_blocked, id=42024, stack(0x000000219d200000,0x000000219d300000) (1024K)]
  0x000001ed76e7da10 JavaThread "RMI RenewClean-[127.0.0.1:17240,org.jetbrains.kotlin.daemon.common.LoopbackNetworkInterface$ClientLoopbackSocketFactory@112117b]" daemon [_thread_blocked, id=30640, stack(0x000000219d600000,0x000000219d700000) (1024K)]
  0x000001ed76e7e0a0 JavaThread "RMI RenewClean-[127.0.0.1:17240,org.jetbrains.kotlin.daemon.common.LoopbackNetworkInterface$ClientLoopbackSocketFactory@302ebcf9]" daemon [_thread_blocked, id=28572, stack(0x000000219d700000,0x000000219d800000) (1024K)]
  0x000001ed76e77110 JavaThread "RMI TCP Accept-0"           daemon [_thread_in_native, id=47232, stack(0x000000219d800000,0x000000219d900000) (1024K)]
  0x000001ed76e7edc0 JavaThread "RMI TCP Accept-0"           daemon [_thread_in_native, id=18276, stack(0x000000219d900000,0x000000219da00000) (1024K)]
  0x000001ed76e7e730 JavaThread "RMI Reaper"                        [_thread_blocked, id=24500, stack(0x000000219da00000,0x000000219db00000) (1024K)]
  0x000001ed76e7ac20 JavaThread "RMI TCP Connection(1)-127.0.0.1" daemon [_thread_in_native, id=25584, stack(0x000000219db00000,0x000000219dc00000) (1024K)]
  0x000001ed76e77e30 JavaThread "RMI TCP Connection(2)-127.0.0.1" daemon [_thread_in_native, id=50292, stack(0x000000219dc00000,0x000000219dd00000) (1024K)]
  0x000001ed7739a1d0 JavaThread "C1 CompilerThread1"         daemon [_thread_blocked, id=5856, stack(0x000000218dd00000,0x000000218de00000) (1024K)]
  0x000001ed7739b640 JavaThread "C2 CompilerThread1"         daemon [_thread_blocked, id=38916, stack(0x000000218fe00000,0x000000218ff00000) (1024K)]
  0x000001ed7739bd10 JavaThread "C2 CompilerThread2"         daemon [_thread_blocked, id=47124, stack(0x0000002190200000,0x0000002190300000) (1024K)]
  0x000001ed7739a8a0 JavaThread "C2 CompilerThread3"         daemon [_thread_blocked, id=20124, stack(0x000000219d500000,0x000000219d600000) (1024K)]
  0x000001ed77396b50 JavaThread "C1 CompilerThread2"         daemon [_thread_blocked, id=46444, stack(0x000000219dd00000,0x000000219de00000) (1024K)]
  0x000001ed773978f0 JavaThread "C1 CompilerThread3"         daemon [_thread_blocked, id=50056, stack(0x000000219de00000,0x000000219df00000) (1024K)]
  0x000001ed7739cab0 JavaThread "C2 CompilerThread4"         daemon [_thread_blocked, id=47360, stack(0x000000219df00000,0x000000219e000000) (1024K)]
  0x000001ed77396480 JavaThread "C2 CompilerThread5"         daemon [_thread_blocked, id=6328, stack(0x000000219e000000,0x000000219e100000) (1024K)]
  0x000001ed508a2bd0 JavaThread "C2 CompilerThread6"         daemon [_thread_blocked, id=28940, stack(0x000000219e100000,0x000000219e200000) (1024K)]
  0x000001ed508a32a0 JavaThread "C2 CompilerThread7"         daemon [_thread_blocked, id=12828, stack(0x000000219e200000,0x000000219e300000) (1024K)]
Total: 254

Other Threads:
=>0x000001ed50872ab0 VMThread "VM Thread"                           [id=51040, stack(0x000000218d400000,0x000000218d500000) (1024K)]
  0x000001ed5085ff30 WatcherThread "VM Periodic Task Thread"        [id=51444, stack(0x000000218d300000,0x000000218d400000) (1024K)]
  0x000001ed33db19b0 WorkerThread "GC Thread#0"                     [id=3104, stack(0x000000218ce00000,0x000000218cf00000) (1024K)]
  0x000001ed508710e0 WorkerThread "GC Thread#1"                     [id=35560, stack(0x000000218e300000,0x000000218e400000) (1024K)]
  0x000001ed50871bf0 WorkerThread "GC Thread#2"                     [id=10792, stack(0x000000218e400000,0x000000218e500000) (1024K)]
  0x000001ed50872700 WorkerThread "GC Thread#3"                     [id=55800, stack(0x000000218e500000,0x000000218e600000) (1024K)]
  0x000001ed50871490 WorkerThread "GC Thread#4"                     [id=31412, stack(0x000000218e600000,0x000000218e700000) (1024K)]
  0x000001ed50871fa0 WorkerThread "GC Thread#5"                     [id=34532, stack(0x000000218e700000,0x000000218e800000) (1024K)]
  0x000001ed70b4a730 WorkerThread "GC Thread#6"                     [id=63396, stack(0x000000218f600000,0x000000218f700000) (1024K)]
  0x000001ed70b4b5f0 WorkerThread "GC Thread#7"                     [id=30604, stack(0x000000218f700000,0x000000218f800000) (1024K)]
  0x000001ed70b49c20 WorkerThread "GC Thread#8"                     [id=12104, stack(0x000000218f800000,0x000000218f900000) (1024K)]
  0x000001ed70b49fd0 WorkerThread "GC Thread#9"                     [id=59364, stack(0x000000218f900000,0x000000218fa00000) (1024K)]
  0x000001ed72610180 WorkerThread "GC Thread#10"                    [id=25188, stack(0x000000218fa00000,0x000000218fb00000) (1024K)]
  0x000001ed7260e7b0 WorkerThread "GC Thread#11"                    [id=61876, stack(0x000000218fb00000,0x000000218fc00000) (1024K)]
  0x000001ed7260fa20 WorkerThread "GC Thread#12"                    [id=12580, stack(0x000000218fc00000,0x000000218fd00000) (1024K)]
  0x000001ed31b7cfb0 ConcurrentGCThread "G1 Main Marker"            [id=26812, stack(0x000000218cf00000,0x000000218d000000) (1024K)]
  0x000001ed31b7e970 WorkerThread "G1 Conc#0"                       [id=41060, stack(0x000000218d000000,0x000000218d100000) (1024K)]
  0x000001ed726117a0 WorkerThread "G1 Conc#1"                       [id=35252, stack(0x000000218fd00000,0x000000218fe00000) (1024K)]
  0x000001ed72611b50 WorkerThread "G1 Conc#2"                       [id=35120, stack(0x000000218ff00000,0x0000002190000000) (1024K)]
  0x000001ed50732a80 ConcurrentGCThread "G1 Refine#0"               [id=48616, stack(0x000000218d100000,0x000000218d200000) (1024K)]
  0x000001ed507333b0 ConcurrentGCThread "G1 Service"                [id=8912, stack(0x000000218d200000,0x000000218d300000) (1024K)]
Total: 21

Threads with active compile tasks:
C2 CompilerThread0    22722 15295       4       org.jetbrains.org.objectweb.asm.ClassReader::accept (1401 bytes)
C1 CompilerThread0    22722 15850       2       org.jetbrains.org.objectweb.asm.tree.MethodNode::getLabelNode (29 bytes)
C2 CompilerThread1    22722 15539       4       org.jetbrains.org.objectweb.asm.tree.ClassNode::accept (723 bytes)
C2 CompilerThread2    22722 15629       4       org.jetbrains.org.objectweb.asm.tree.MethodNode::accept (874 bytes)
C2 CompilerThread3    22722 15445       4       org.jetbrains.org.objectweb.asm.ClassWriter::toByteArray (1535 bytes)
C2 CompilerThread4    22722 15773 %     4       org.jetbrains.org.objectweb.asm.ClassReader::readUtfNonAscii @ 44 (191 bytes)
C2 CompilerThread5    22722 15197       4       org.jetbrains.org.objectweb.asm.ClassReader::readMethod (1093 bytes)
C2 CompilerThread6    22722 15070       4       java.lang.invoke.MethodHandleImpl::makePairwiseConvertByEditor (617 bytes)
C2 CompilerThread7    22722 15630       4       org.jetbrains.org.objectweb.asm.MethodWriter::putMethodInfo (1274 bytes)
Total: 9

VM state: at safepoint (normal execution)

VM Mutex/Monitor currently owned by a thread:  ([mutex/lock_event])
[0x00007fff5184af50] Threads_lock - owner thread: 0x000001ed50872ab0
[0x00007fff5184b050] Heap_lock - owner thread: 0x000001ed31b7cfb0

Heap address: 0x00000000a0000000, size: 1536 MB, Compressed Oops mode: 32-bit

CDS archive(s) mapped at: [0x000001ed51000000-0x000001ed51c90000-0x000001ed51c90000), size 13172736, SharedBaseAddress: 0x000001ed51000000, ArchiveRelocationMode: 1.
Compressed class space mapped at: 0x000001ed52000000-0x000001ed6c000000, reserved size: 436207616
Narrow klass base: 0x000001ed51000000, Narrow klass shift: 0, Narrow klass range: 0x100000000

GC Precious Log:
 CardTable entry size: 512
 Card Set container configuration: InlinePtr #cards 5 size 8 Array Of Cards #cards 12 size 40 Howl #buckets 4 coarsen threshold 1843 Howl Bitmap #cards 512 size 80 coarsen threshold 460 Card regions per heap region 1 cards per card region 2048
 CPUs: 16 total, 16 available
 Memory: 16292M
 Large Page Support: Disabled
 NUMA Support: Disabled
 Compressed Oops: Enabled (32-bit)
 Heap Region Size: 1M
 Heap Min Capacity: 8M
 Heap Initial Capacity: 256M
 Heap Max Capacity: 1536M
 Pre-touch: Disabled
 Parallel Workers: 13
 Concurrent Workers: 3
 Concurrent Refinement Workers: 13
 Periodic GC: Disabled

Heap:
 garbage-first heap   total 284672K, used 220244K [0x00000000a0000000, 0x0000000100000000)
  region size 1024K, 90 young (92160K), 5 survivors (5120K)
 Metaspace       used 105890K, committed 108416K, reserved 557056K
  class space    used 14377K, committed 15616K, reserved 425984K

Heap Regions: E=young(eden), S=young(survivor), O=old, HS=humongous(starts), HC=humongous(continues), CS=collection set, F=free, TAMS=top-at-mark-start, PB=parsable bottom
|   0|0x00000000a0000000, 0x00000000a0100000, 0x00000000a0100000|100%|HS|  |TAMS 0x00000000a0100000| PB 0x00000000a0000000| Complete 
|   1|0x00000000a0100000, 0x00000000a0200000, 0x00000000a0200000|100%|HC|  |TAMS 0x00000000a0200000| PB 0x00000000a0100000| Complete 
|   2|0x00000000a0200000, 0x00000000a0300000, 0x00000000a0300000|100%|HC|  |TAMS 0x00000000a0300000| PB 0x00000000a0200000| Complete 
|   3|0x00000000a0300000, 0x00000000a0400000, 0x00000000a0400000|100%| O|  |TAMS 0x00000000a0400000| PB 0x00000000a0400000| Untracked 
|   4|0x00000000a0400000, 0x00000000a0500000, 0x00000000a0500000|100%| O|  |TAMS 0x00000000a0500000| PB 0x00000000a0500000| Untracked 
|   5|0x00000000a0500000, 0x00000000a0600000, 0x00000000a0600000|100%| O|  |TAMS 0x00000000a0600000| PB 0x00000000a0600000| Untracked 
|   6|0x00000000a0600000, 0x00000000a0700000, 0x00000000a0700000|100%|HS|  |TAMS 0x00000000a0700000| PB 0x00000000a0600000| Complete 
|   7|0x00000000a0700000, 0x00000000a0800000, 0x00000000a0800000|100%| O|  |TAMS 0x00000000a0800000| PB 0x00000000a0800000| Untracked 
|   8|0x00000000a0800000, 0x00000000a0900000, 0x00000000a0900000|100%| O|  |TAMS 0x00000000a0900000| PB 0x00000000a0900000| Updating 
|   9|0x00000000a0900000, 0x00000000a0a00000, 0x00000000a0a00000|100%| O|  |TAMS 0x00000000a0a00000| PB 0x00000000a0a00000| Untracked 
|  10|0x00000000a0a00000, 0x00000000a0b00000, 0x00000000a0b00000|100%| O|  |TAMS 0x00000000a0b00000| PB 0x00000000a0b00000| Untracked 
|  11|0x00000000a0b00000, 0x00000000a0bfdfe8, 0x00000000a0c00000| 99%| O|  |TAMS 0x00000000a0bfdfe8| PB 0x00000000a0bfdfe8| Untracked 
|  12|0x00000000a0c00000, 0x00000000a0d00000, 0x00000000a0d00000|100%| O|  |TAMS 0x00000000a0d00000| PB 0x00000000a0d00000| Untracked 
|  13|0x00000000a0d00000, 0x00000000a0e00000, 0x00000000a0e00000|100%| O|  |TAMS 0x00000000a0e00000| PB 0x00000000a0e00000| Untracked 
|  14|0x00000000a0e00000, 0x00000000a0f00000, 0x00000000a0f00000|100%| O|  |TAMS 0x00000000a0f00000| PB 0x00000000a0f00000| Untracked 
|  15|0x00000000a0f00000, 0x00000000a1000000, 0x00000000a1000000|100%| O|  |TAMS 0x00000000a1000000| PB 0x00000000a1000000| Untracked 
|  16|0x00000000a1000000, 0x00000000a1100000, 0x00000000a1100000|100%| O|  |TAMS 0x00000000a1100000| PB 0x00000000a1100000| Untracked 
|  17|0x00000000a1100000, 0x00000000a1200000, 0x00000000a1200000|100%| O|  |TAMS 0x00000000a1200000| PB 0x00000000a1200000| Untracked 
|  18|0x00000000a1200000, 0x00000000a1300000, 0x00000000a1300000|100%| O|  |TAMS 0x00000000a1300000| PB 0x00000000a1300000| Untracked 
|  19|0x00000000a1300000, 0x00000000a1400000, 0x00000000a1400000|100%| O|  |TAMS 0x00000000a1400000| PB 0x00000000a1400000| Untracked 
|  20|0x00000000a1400000, 0x00000000a1500000, 0x00000000a1500000|100%| O|  |TAMS 0x00000000a1500000| PB 0x00000000a1500000| Untracked 
|  21|0x00000000a1500000, 0x00000000a1600000, 0x00000000a1600000|100%| O|  |TAMS 0x00000000a1600000| PB 0x00000000a1600000| Untracked 
|  22|0x00000000a1600000, 0x00000000a1700000, 0x00000000a1700000|100%| O|  |TAMS 0x00000000a1700000| PB 0x00000000a1700000| Untracked 
|  23|0x00000000a1700000, 0x00000000a1800000, 0x00000000a1800000|100%| O|  |TAMS 0x00000000a1800000| PB 0x00000000a1800000| Untracked 
|  24|0x00000000a1800000, 0x00000000a1900000, 0x00000000a1900000|100%| O|  |TAMS 0x00000000a1900000| PB 0x00000000a1900000| Untracked 
|  25|0x00000000a1900000, 0x00000000a1a00000, 0x00000000a1a00000|100%| O|  |TAMS 0x00000000a1a00000| PB 0x00000000a1a00000| Updating 
|  26|0x00000000a1a00000, 0x00000000a1b00000, 0x00000000a1b00000|100%| O|  |TAMS 0x00000000a1b00000| PB 0x00000000a1b00000| Updating 
|  27|0x00000000a1b00000, 0x00000000a1c00000, 0x00000000a1c00000|100%| O|  |TAMS 0x00000000a1c00000| PB 0x00000000a1c00000| Untracked 
|  28|0x00000000a1c00000, 0x00000000a1d00000, 0x00000000a1d00000|100%| O|  |TAMS 0x00000000a1d00000| PB 0x00000000a1d00000| Untracked 
|  29|0x00000000a1d00000, 0x00000000a1e00000, 0x00000000a1e00000|100%| O|  |TAMS 0x00000000a1e00000| PB 0x00000000a1e00000| Untracked 
|  30|0x00000000a1e00000, 0x00000000a1f00000, 0x00000000a1f00000|100%| O|  |TAMS 0x00000000a1f00000| PB 0x00000000a1f00000| Untracked 
|  31|0x00000000a1f00000, 0x00000000a2000000, 0x00000000a2000000|100%| O|  |TAMS 0x00000000a2000000| PB 0x00000000a2000000| Untracked 
|  32|0x00000000a2000000, 0x00000000a2100000, 0x00000000a2100000|100%| O|  |TAMS 0x00000000a2100000| PB 0x00000000a2100000| Updating 
|  33|0x00000000a2100000, 0x00000000a2200000, 0x00000000a2200000|100%|HS|  |TAMS 0x00000000a2200000| PB 0x00000000a2100000| Complete 
|  34|0x00000000a2200000, 0x00000000a2300000, 0x00000000a2300000|100%|HC|  |TAMS 0x00000000a2300000| PB 0x00000000a2200000| Complete 
|  35|0x00000000a2300000, 0x00000000a2400000, 0x00000000a2400000|100%|HC|  |TAMS 0x00000000a2400000| PB 0x00000000a2300000| Complete 
|  36|0x00000000a2400000, 0x00000000a2500000, 0x00000000a2500000|100%|HS|  |TAMS 0x00000000a2500000| PB 0x00000000a2400000| Complete 
|  37|0x00000000a2500000, 0x00000000a2600000, 0x00000000a2600000|100%|HC|  |TAMS 0x00000000a2600000| PB 0x00000000a2500000| Complete 
|  38|0x00000000a2600000, 0x00000000a2700000, 0x00000000a2700000|100%|HC|  |TAMS 0x00000000a2700000| PB 0x00000000a2600000| Complete 
|  39|0x00000000a2700000, 0x00000000a2800000, 0x00000000a2800000|100%| O|  |TAMS 0x00000000a2800000| PB 0x00000000a2800000| Untracked 
|  40|0x00000000a2800000, 0x00000000a2900000, 0x00000000a2900000|100%| O|  |TAMS 0x00000000a2900000| PB 0x00000000a2900000| Untracked 
|  41|0x00000000a2900000, 0x00000000a2a00000, 0x00000000a2a00000|100%| O|  |TAMS 0x00000000a2a00000| PB 0x00000000a2a00000| Updating 
|  42|0x00000000a2a00000, 0x00000000a2b00000, 0x00000000a2b00000|100%| O|  |TAMS 0x00000000a2b00000| PB 0x00000000a2b00000| Untracked 
|  43|0x00000000a2b00000, 0x00000000a2c00000, 0x00000000a2c00000|100%| O|  |TAMS 0x00000000a2c00000| PB 0x00000000a2c00000| Untracked 
|  44|0x00000000a2c00000, 0x00000000a2d00000, 0x00000000a2d00000|100%| O|  |TAMS 0x00000000a2d00000| PB 0x00000000a2d00000| Untracked 
|  45|0x00000000a2d00000, 0x00000000a2e00000, 0x00000000a2e00000|100%| O|  |TAMS 0x00000000a2e00000| PB 0x00000000a2e00000| Untracked 
|  46|0x00000000a2e00000, 0x00000000a2f00000, 0x00000000a2f00000|100%| O|  |TAMS 0x00000000a2f00000| PB 0x00000000a2f00000| Untracked 
|  47|0x00000000a2f00000, 0x00000000a3000000, 0x00000000a3000000|100%| O|  |TAMS 0x00000000a3000000| PB 0x00000000a3000000| Untracked 
|  48|0x00000000a3000000, 0x00000000a3100000, 0x00000000a3100000|100%| O|  |TAMS 0x00000000a3100000| PB 0x00000000a3100000| Updating 
|  49|0x00000000a3100000, 0x00000000a3200000, 0x00000000a3200000|100%| O|  |TAMS 0x00000000a3200000| PB 0x00000000a3200000| Untracked 
|  50|0x00000000a3200000, 0x00000000a3300000, 0x00000000a3300000|100%| O|  |TAMS 0x00000000a3300000| PB 0x00000000a3300000| Updating 
|  51|0x00000000a3300000, 0x00000000a3400000, 0x00000000a3400000|100%| O|  |TAMS 0x00000000a3400000| PB 0x00000000a3400000| Untracked 
|  52|0x00000000a3400000, 0x00000000a3500000, 0x00000000a3500000|100%| O|  |TAMS 0x00000000a3500000| PB 0x00000000a3500000| Updating 
|  53|0x00000000a3500000, 0x00000000a3600000, 0x00000000a3600000|100%| O|  |TAMS 0x00000000a3600000| PB 0x00000000a3600000| Untracked 
|  54|0x00000000a3600000, 0x00000000a3700000, 0x00000000a3700000|100%| O|  |TAMS 0x00000000a3700000| PB 0x00000000a3700000| Untracked 
|  55|0x00000000a3700000, 0x00000000a3800000, 0x00000000a3800000|100%| O|  |TAMS 0x00000000a3800000| PB 0x00000000a3800000| Untracked 
|  56|0x00000000a3800000, 0x00000000a3900000, 0x00000000a3900000|100%| O|  |TAMS 0x00000000a3900000| PB 0x00000000a3900000| Untracked 
|  57|0x00000000a3900000, 0x00000000a3a00000, 0x00000000a3a00000|100%| O|  |TAMS 0x00000000a3a00000| PB 0x00000000a3a00000| Untracked 
|  58|0x00000000a3a00000, 0x00000000a3b00000, 0x00000000a3b00000|100%| O|  |TAMS 0x00000000a3b00000| PB 0x00000000a3b00000| Untracked 
|  59|0x00000000a3b00000, 0x00000000a3c00000, 0x00000000a3c00000|100%| O|  |TAMS 0x00000000a3c00000| PB 0x00000000a3c00000| Untracked 
|  60|0x00000000a3c00000, 0x00000000a3d00000, 0x00000000a3d00000|100%| O|  |TAMS 0x00000000a3d00000| PB 0x00000000a3d00000| Untracked 
|  61|0x00000000a3d00000, 0x00000000a3e00000, 0x00000000a3e00000|100%| O|  |TAMS 0x00000000a3e00000| PB 0x00000000a3e00000| Untracked 
|  62|0x00000000a3e00000, 0x00000000a3f00000, 0x00000000a3f00000|100%| O|  |TAMS 0x00000000a3f00000| PB 0x00000000a3f00000| Untracked 
|  63|0x00000000a3f00000, 0x00000000a4000000, 0x00000000a4000000|100%| O|  |TAMS 0x00000000a4000000| PB 0x00000000a4000000| Updating 
|  64|0x00000000a4000000, 0x00000000a4100000, 0x00000000a4100000|100%| O|  |TAMS 0x00000000a4100000| PB 0x00000000a4100000| Updating 
|  65|0x00000000a4100000, 0x00000000a4200000, 0x00000000a4200000|100%| O|  |TAMS 0x00000000a4200000| PB 0x00000000a4200000| Updating 
|  66|0x00000000a4200000, 0x00000000a4300000, 0x00000000a4300000|100%| O|  |TAMS 0x00000000a4300000| PB 0x00000000a4300000| Updating 
|  67|0x00000000a4300000, 0x00000000a4400000, 0x00000000a4400000|100%|HS|  |TAMS 0x00000000a4400000| PB 0x00000000a4300000| Complete 
|  68|0x00000000a4400000, 0x00000000a4500000, 0x00000000a4500000|100%|HC|  |TAMS 0x00000000a4500000| PB 0x00000000a4400000| Complete 
|  69|0x00000000a4500000, 0x00000000a4600000, 0x00000000a4600000|100%|HC|  |TAMS 0x00000000a4600000| PB 0x00000000a4500000| Complete 
|  70|0x00000000a4600000, 0x00000000a4700000, 0x00000000a4700000|100%|HS|  |TAMS 0x00000000a4700000| PB 0x00000000a4600000| Complete 
|  71|0x00000000a4700000, 0x00000000a4800000, 0x00000000a4800000|100%| O|  |TAMS 0x00000000a4800000| PB 0x00000000a4800000| Untracked 
|  72|0x00000000a4800000, 0x00000000a4900000, 0x00000000a4900000|100%| O|  |TAMS 0x00000000a4900000| PB 0x00000000a4900000| Untracked 
|  73|0x00000000a4900000, 0x00000000a4a00000, 0x00000000a4a00000|100%| O|  |TAMS 0x00000000a4a00000| PB 0x00000000a4a00000| Untracked 
|  74|0x00000000a4a00000, 0x00000000a4b00000, 0x00000000a4b00000|100%| O|  |TAMS 0x00000000a4b00000| PB 0x00000000a4b00000| Untracked 
|  75|0x00000000a4b00000, 0x00000000a4c00000, 0x00000000a4c00000|100%|HS|  |TAMS 0x00000000a4b00000| PB 0x00000000a4b00000| Complete 
|  76|0x00000000a4c00000, 0x00000000a4d00000, 0x00000000a4d00000|100%|HS|  |TAMS 0x00000000a4d00000| PB 0x00000000a4c00000| Complete 
|  77|0x00000000a4d00000, 0x00000000a4e00000, 0x00000000a4e00000|100%|HC|  |TAMS 0x00000000a4e00000| PB 0x00000000a4d00000| Complete 
|  78|0x00000000a4e00000, 0x00000000a4f00000, 0x00000000a4f00000|100%|HC|  |TAMS 0x00000000a4f00000| PB 0x00000000a4e00000| Complete 
|  79|0x00000000a4f00000, 0x00000000a5000000, 0x00000000a5000000|100%|HC|  |TAMS 0x00000000a5000000| PB 0x00000000a4f00000| Complete 
|  80|0x00000000a5000000, 0x00000000a5100000, 0x00000000a5100000|100%|HC|  |TAMS 0x00000000a5100000| PB 0x00000000a5000000| Complete 
|  81|0x00000000a5100000, 0x00000000a5200000, 0x00000000a5200000|100%|HC|  |TAMS 0x00000000a5200000| PB 0x00000000a5100000| Complete 
|  82|0x00000000a5200000, 0x00000000a5300000, 0x00000000a5300000|100%| O|  |TAMS 0x00000000a5300000| PB 0x00000000a5300000| Untracked 
|  83|0x00000000a5300000, 0x00000000a5400000, 0x00000000a5400000|100%| O|  |TAMS 0x00000000a5400000| PB 0x00000000a5400000| Untracked 
|  84|0x00000000a5400000, 0x00000000a5500000, 0x00000000a5500000|100%| O|  |TAMS 0x00000000a5500000| PB 0x00000000a5500000| Untracked 
|  85|0x00000000a5500000, 0x00000000a5600000, 0x00000000a5600000|100%| O|  |TAMS 0x00000000a5600000| PB 0x00000000a5600000| Untracked 
|  86|0x00000000a5600000, 0x00000000a5700000, 0x00000000a5700000|100%| O|  |TAMS 0x00000000a5700000| PB 0x00000000a5700000| Untracked 
|  87|0x00000000a5700000, 0x00000000a5800000, 0x00000000a5800000|100%| O|  |TAMS 0x00000000a5800000| PB 0x00000000a5800000| Untracked 
|  88|0x00000000a5800000, 0x00000000a5900000, 0x00000000a5900000|100%| O|  |TAMS 0x00000000a5900000| PB 0x00000000a5900000| Untracked 
|  89|0x00000000a5900000, 0x00000000a5a00000, 0x00000000a5a00000|100%| O|  |TAMS 0x00000000a5a00000| PB 0x00000000a5a00000| Updating 
|  90|0x00000000a5a00000, 0x00000000a5b00000, 0x00000000a5b00000|100%| O|  |TAMS 0x00000000a5b00000| PB 0x00000000a5b00000| Untracked 
|  91|0x00000000a5b00000, 0x00000000a5c00000, 0x00000000a5c00000|100%| O|  |TAMS 0x00000000a5c00000| PB 0x00000000a5c00000| Updating 
|  92|0x00000000a5c00000, 0x00000000a5d00000, 0x00000000a5d00000|100%| O|  |TAMS 0x00000000a5d00000| PB 0x00000000a5d00000| Untracked 
|  93|0x00000000a5d00000, 0x00000000a5e00000, 0x00000000a5e00000|100%| O|  |TAMS 0x00000000a5e00000| PB 0x00000000a5e00000| Untracked 
|  94|0x00000000a5e00000, 0x00000000a5f00000, 0x00000000a5f00000|100%| O|  |TAMS 0x00000000a5f00000| PB 0x00000000a5f00000| Untracked 
|  95|0x00000000a5f00000, 0x00000000a6000000, 0x00000000a6000000|100%| O|  |TAMS 0x00000000a6000000| PB 0x00000000a6000000| Updating 
|  96|0x00000000a6000000, 0x00000000a6100000, 0x00000000a6100000|100%| O|  |TAMS 0x00000000a6100000| PB 0x00000000a6100000| Updating 
|  97|0x00000000a6100000, 0x00000000a61b28d0, 0x00000000a6200000| 69%| O|  |TAMS 0x00000000a61b28d0| PB 0x00000000a61b28d0| Updating 
|  98|0x00000000a6200000, 0x00000000a6300000, 0x00000000a6300000|100%| O|  |TAMS 0x00000000a6300000| PB 0x00000000a6300000| Untracked 
|  99|0x00000000a6300000, 0x00000000a6400000, 0x00000000a6400000|100%| O|  |TAMS 0x00000000a6400000| PB 0x00000000a6400000| Untracked 
| 100|0x00000000a6400000, 0x00000000a6500000, 0x00000000a6500000|100%| O|  |TAMS 0x00000000a6500000| PB 0x00000000a6500000| Untracked 
| 101|0x00000000a6500000, 0x00000000a6600000, 0x00000000a6600000|100%| O|  |TAMS 0x00000000a6600000| PB 0x00000000a6600000| Untracked 
| 102|0x00000000a6600000, 0x00000000a6700000, 0x00000000a6700000|100%| O|  |TAMS 0x00000000a6700000| PB 0x00000000a6700000| Untracked 
| 103|0x00000000a6700000, 0x00000000a6800000, 0x00000000a6800000|100%| O|  |TAMS 0x00000000a6800000| PB 0x00000000a6800000| Untracked 
| 104|0x00000000a6800000, 0x00000000a6900000, 0x00000000a6900000|100%| O|  |TAMS 0x00000000a6900000| PB 0x00000000a6900000| Updating 
| 105|0x00000000a6900000, 0x00000000a6a00000, 0x00000000a6a00000|100%| O|  |TAMS 0x00000000a6a00000| PB 0x00000000a6a00000| Updating 
| 106|0x00000000a6a00000, 0x00000000a6b00000, 0x00000000a6b00000|100%| O|  |TAMS 0x00000000a6b00000| PB 0x00000000a6b00000| Updating 
| 107|0x00000000a6b00000, 0x00000000a6c00000, 0x00000000a6c00000|100%|HS|  |TAMS 0x00000000a6b00000| PB 0x00000000a6b00000| Complete 
| 108|0x00000000a6c00000, 0x00000000a6c00000, 0x00000000a6d00000|  0%| F|  |TAMS 0x00000000a6c00000| PB 0x00000000a6c00000| Untracked 
| 109|0x00000000a6d00000, 0x00000000a6d00000, 0x00000000a6e00000|  0%| F|  |TAMS 0x00000000a6d00000| PB 0x00000000a6d00000| Untracked 
| 110|0x00000000a6e00000, 0x00000000a6e00000, 0x00000000a6f00000|  0%| F|  |TAMS 0x00000000a6e00000| PB 0x00000000a6e00000| Untracked 
| 111|0x00000000a6f00000, 0x00000000a6f00000, 0x00000000a7000000|  0%| F|  |TAMS 0x00000000a6f00000| PB 0x00000000a6f00000| Untracked 
| 112|0x00000000a7000000, 0x00000000a7000000, 0x00000000a7100000|  0%| F|  |TAMS 0x00000000a7000000| PB 0x00000000a7000000| Untracked 
| 113|0x00000000a7100000, 0x00000000a7100000, 0x00000000a7200000|  0%| F|  |TAMS 0x00000000a7100000| PB 0x00000000a7100000| Untracked 
| 114|0x00000000a7200000, 0x00000000a7200000, 0x00000000a7300000|  0%| F|  |TAMS 0x00000000a7200000| PB 0x00000000a7200000| Untracked 
| 115|0x00000000a7300000, 0x00000000a7300000, 0x00000000a7400000|  0%| F|  |TAMS 0x00000000a7300000| PB 0x00000000a7300000| Untracked 
| 116|0x00000000a7400000, 0x00000000a7400000, 0x00000000a7500000|  0%| F|  |TAMS 0x00000000a7400000| PB 0x00000000a7400000| Untracked 
| 117|0x00000000a7500000, 0x00000000a7500000, 0x00000000a7600000|  0%| F|  |TAMS 0x00000000a7500000| PB 0x00000000a7500000| Untracked 
| 118|0x00000000a7600000, 0x00000000a7600000, 0x00000000a7700000|  0%| F|  |TAMS 0x00000000a7600000| PB 0x00000000a7600000| Untracked 
| 119|0x00000000a7700000, 0x00000000a7700000, 0x00000000a7800000|  0%| F|  |TAMS 0x00000000a7700000| PB 0x00000000a7700000| Untracked 
| 120|0x00000000a7800000, 0x00000000a7800000, 0x00000000a7900000|  0%| F|  |TAMS 0x00000000a7800000| PB 0x00000000a7800000| Untracked 
| 121|0x00000000a7900000, 0x00000000a7900000, 0x00000000a7a00000|  0%| F|  |TAMS 0x00000000a7900000| PB 0x00000000a7900000| Untracked 
| 122|0x00000000a7a00000, 0x00000000a7a00000, 0x00000000a7b00000|  0%| F|  |TAMS 0x00000000a7a00000| PB 0x00000000a7a00000| Untracked 
| 123|0x00000000a7b00000, 0x00000000a7b00000, 0x00000000a7c00000|  0%| F|  |TAMS 0x00000000a7b00000| PB 0x00000000a7b00000| Untracked 
| 124|0x00000000a7c00000, 0x00000000a7c00000, 0x00000000a7d00000|  0%| F|  |TAMS 0x00000000a7c00000| PB 0x00000000a7c00000| Untracked 
| 125|0x00000000a7d00000, 0x00000000a7d00000, 0x00000000a7e00000|  0%| F|  |TAMS 0x00000000a7d00000| PB 0x00000000a7d00000| Untracked 
| 126|0x00000000a7e00000, 0x00000000a7e00000, 0x00000000a7f00000|  0%| F|  |TAMS 0x00000000a7e00000| PB 0x00000000a7e00000| Untracked 
| 127|0x00000000a7f00000, 0x00000000a7f00000, 0x00000000a8000000|  0%| F|  |TAMS 0x00000000a7f00000| PB 0x00000000a7f00000| Untracked 
| 128|0x00000000a8000000, 0x00000000a8000000, 0x00000000a8100000|  0%| F|  |TAMS 0x00000000a8000000| PB 0x00000000a8000000| Untracked 
| 129|0x00000000a8100000, 0x00000000a8100000, 0x00000000a8200000|  0%| F|  |TAMS 0x00000000a8100000| PB 0x00000000a8100000| Untracked 
| 130|0x00000000a8200000, 0x00000000a8200000, 0x00000000a8300000|  0%| F|  |TAMS 0x00000000a8200000| PB 0x00000000a8200000| Untracked 
| 131|0x00000000a8300000, 0x00000000a8300000, 0x00000000a8400000|  0%| F|  |TAMS 0x00000000a8300000| PB 0x00000000a8300000| Untracked 
| 132|0x00000000a8400000, 0x00000000a8400000, 0x00000000a8500000|  0%| F|  |TAMS 0x00000000a8400000| PB 0x00000000a8400000| Untracked 
| 133|0x00000000a8500000, 0x00000000a8500000, 0x00000000a8600000|  0%| F|  |TAMS 0x00000000a8500000| PB 0x00000000a8500000| Untracked 
| 134|0x00000000a8600000, 0x00000000a8600000, 0x00000000a8700000|  0%| F|  |TAMS 0x00000000a8600000| PB 0x00000000a8600000| Untracked 
| 135|0x00000000a8700000, 0x00000000a8700000, 0x00000000a8800000|  0%| F|  |TAMS 0x00000000a8700000| PB 0x00000000a8700000| Untracked 
| 136|0x00000000a8800000, 0x00000000a8800000, 0x00000000a8900000|  0%| F|  |TAMS 0x00000000a8800000| PB 0x00000000a8800000| Untracked 
| 137|0x00000000a8900000, 0x00000000a8900000, 0x00000000a8a00000|  0%| F|  |TAMS 0x00000000a8900000| PB 0x00000000a8900000| Untracked 
| 138|0x00000000a8a00000, 0x00000000a8a00000, 0x00000000a8b00000|  0%| F|  |TAMS 0x00000000a8a00000| PB 0x00000000a8a00000| Untracked 
| 139|0x00000000a8b00000, 0x00000000a8b00000, 0x00000000a8c00000|  0%| F|  |TAMS 0x00000000a8b00000| PB 0x00000000a8b00000| Untracked 
| 140|0x00000000a8c00000, 0x00000000a8c00000, 0x00000000a8d00000|  0%| F|  |TAMS 0x00000000a8c00000| PB 0x00000000a8c00000| Untracked 
| 141|0x00000000a8d00000, 0x00000000a8d00000, 0x00000000a8e00000|  0%| F|  |TAMS 0x00000000a8d00000| PB 0x00000000a8d00000| Untracked 
| 142|0x00000000a8e00000, 0x00000000a8e00000, 0x00000000a8f00000|  0%| F|  |TAMS 0x00000000a8e00000| PB 0x00000000a8e00000| Untracked 
| 143|0x00000000a8f00000, 0x00000000a8f00000, 0x00000000a9000000|  0%| F|  |TAMS 0x00000000a8f00000| PB 0x00000000a8f00000| Untracked 
| 144|0x00000000a9000000, 0x00000000a9000000, 0x00000000a9100000|  0%| F|  |TAMS 0x00000000a9000000| PB 0x00000000a9000000| Untracked 
| 145|0x00000000a9100000, 0x00000000a9100000, 0x00000000a9200000|  0%| F|  |TAMS 0x00000000a9100000| PB 0x00000000a9100000| Untracked 
| 146|0x00000000a9200000, 0x00000000a9200000, 0x00000000a9300000|  0%| F|  |TAMS 0x00000000a9200000| PB 0x00000000a9200000| Untracked 
| 147|0x00000000a9300000, 0x00000000a9300000, 0x00000000a9400000|  0%| F|  |TAMS 0x00000000a9300000| PB 0x00000000a9300000| Untracked 
| 148|0x00000000a9400000, 0x00000000a9400000, 0x00000000a9500000|  0%| F|  |TAMS 0x00000000a9400000| PB 0x00000000a9400000| Untracked 
| 149|0x00000000a9500000, 0x00000000a95f9168, 0x00000000a9600000| 97%| E|  |TAMS 0x00000000a9500000| PB 0x00000000a9500000| Complete 
| 150|0x00000000a9600000, 0x00000000a9700000, 0x00000000a9700000|100%| E|CS|TAMS 0x00000000a9600000| PB 0x00000000a9600000| Complete 
| 151|0x00000000a9700000, 0x00000000a9800000, 0x00000000a9800000|100%| E|CS|TAMS 0x00000000a9700000| PB 0x00000000a9700000| Complete 
| 152|0x00000000a9800000, 0x00000000a9900000, 0x00000000a9900000|100%| E|CS|TAMS 0x00000000a9800000| PB 0x00000000a9800000| Complete 
| 153|0x00000000a9900000, 0x00000000a9a00000, 0x00000000a9a00000|100%| E|CS|TAMS 0x00000000a9900000| PB 0x00000000a9900000| Complete 
| 154|0x00000000a9a00000, 0x00000000a9b00000, 0x00000000a9b00000|100%| E|CS|TAMS 0x00000000a9a00000| PB 0x00000000a9a00000| Complete 
| 155|0x00000000a9b00000, 0x00000000a9c00000, 0x00000000a9c00000|100%| E|CS|TAMS 0x00000000a9b00000| PB 0x00000000a9b00000| Complete 
| 156|0x00000000a9c00000, 0x00000000a9d00000, 0x00000000a9d00000|100%| E|CS|TAMS 0x00000000a9c00000| PB 0x00000000a9c00000| Complete 
| 157|0x00000000a9d00000, 0x00000000a9e00000, 0x00000000a9e00000|100%| E|CS|TAMS 0x00000000a9d00000| PB 0x00000000a9d00000| Complete 
| 158|0x00000000a9e00000, 0x00000000a9f00000, 0x00000000a9f00000|100%| E|CS|TAMS 0x00000000a9e00000| PB 0x00000000a9e00000| Complete 
| 159|0x00000000a9f00000, 0x00000000aa000000, 0x00000000aa000000|100%| E|CS|TAMS 0x00000000a9f00000| PB 0x00000000a9f00000| Complete 
| 160|0x00000000aa000000, 0x00000000aa100000, 0x00000000aa100000|100%| E|CS|TAMS 0x00000000aa000000| PB 0x00000000aa000000| Complete 
| 161|0x00000000aa100000, 0x00000000aa200000, 0x00000000aa200000|100%| E|CS|TAMS 0x00000000aa100000| PB 0x00000000aa100000| Complete 
| 162|0x00000000aa200000, 0x00000000aa300000, 0x00000000aa300000|100%| E|CS|TAMS 0x00000000aa200000| PB 0x00000000aa200000| Complete 
| 163|0x00000000aa300000, 0x00000000aa400000, 0x00000000aa400000|100%| E|CS|TAMS 0x00000000aa300000| PB 0x00000000aa300000| Complete 
| 164|0x00000000aa400000, 0x00000000aa500000, 0x00000000aa500000|100%| E|CS|TAMS 0x00000000aa400000| PB 0x00000000aa400000| Complete 
| 165|0x00000000aa500000, 0x00000000aa600000, 0x00000000aa600000|100%| E|CS|TAMS 0x00000000aa500000| PB 0x00000000aa500000| Complete 
| 166|0x00000000aa600000, 0x00000000aa700000, 0x00000000aa700000|100%| E|CS|TAMS 0x00000000aa600000| PB 0x00000000aa600000| Complete 
| 167|0x00000000aa700000, 0x00000000aa800000, 0x00000000aa800000|100%| E|CS|TAMS 0x00000000aa700000| PB 0x00000000aa700000| Complete 
| 168|0x00000000aa800000, 0x00000000aa900000, 0x00000000aa900000|100%| E|CS|TAMS 0x00000000aa800000| PB 0x00000000aa800000| Complete 
| 169|0x00000000aa900000, 0x00000000aaa00000, 0x00000000aaa00000|100%| E|  |TAMS 0x00000000aa900000| PB 0x00000000aa900000| Complete 
| 170|0x00000000aaa00000, 0x00000000aab00000, 0x00000000aab00000|100%| E|CS|TAMS 0x00000000aaa00000| PB 0x00000000aaa00000| Complete 
| 171|0x00000000aab00000, 0x00000000aac00000, 0x00000000aac00000|100%| E|CS|TAMS 0x00000000aab00000| PB 0x00000000aab00000| Complete 
| 172|0x00000000aac00000, 0x00000000aad00000, 0x00000000aad00000|100%| E|CS|TAMS 0x00000000aac00000| PB 0x00000000aac00000| Complete 
| 173|0x00000000aad00000, 0x00000000aae00000, 0x00000000aae00000|100%| E|CS|TAMS 0x00000000aad00000| PB 0x00000000aad00000| Complete 
| 174|0x00000000aae00000, 0x00000000aaf00000, 0x00000000aaf00000|100%| E|CS|TAMS 0x00000000aae00000| PB 0x00000000aae00000| Complete 
| 175|0x00000000aaf00000, 0x00000000ab000000, 0x00000000ab000000|100%| E|CS|TAMS 0x00000000aaf00000| PB 0x00000000aaf00000| Complete 
| 176|0x00000000ab000000, 0x00000000ab100000, 0x00000000ab100000|100%| E|CS|TAMS 0x00000000ab000000| PB 0x00000000ab000000| Complete 
| 177|0x00000000ab100000, 0x00000000ab200000, 0x00000000ab200000|100%| E|CS|TAMS 0x00000000ab100000| PB 0x00000000ab100000| Complete 
| 178|0x00000000ab200000, 0x00000000ab300000, 0x00000000ab300000|100%| E|CS|TAMS 0x00000000ab200000| PB 0x00000000ab200000| Complete 
| 179|0x00000000ab300000, 0x00000000ab400000, 0x00000000ab400000|100%| E|CS|TAMS 0x00000000ab300000| PB 0x00000000ab300000| Complete 
| 180|0x00000000ab400000, 0x00000000ab500000, 0x00000000ab500000|100%| E|CS|TAMS 0x00000000ab400000| PB 0x00000000ab400000| Complete 
| 181|0x00000000ab500000, 0x00000000ab600000, 0x00000000ab600000|100%| E|CS|TAMS 0x00000000ab500000| PB 0x00000000ab500000| Complete 
| 182|0x00000000ab600000, 0x00000000ab700000, 0x00000000ab700000|100%| E|CS|TAMS 0x00000000ab600000| PB 0x00000000ab600000| Complete 
| 183|0x00000000ab700000, 0x00000000ab800000, 0x00000000ab800000|100%| E|CS|TAMS 0x00000000ab700000| PB 0x00000000ab700000| Complete 
| 184|0x00000000ab800000, 0x00000000ab900000, 0x00000000ab900000|100%| E|CS|TAMS 0x00000000ab800000| PB 0x00000000ab800000| Complete 
| 185|0x00000000ab900000, 0x00000000aba00000, 0x00000000aba00000|100%| E|CS|TAMS 0x00000000ab900000| PB 0x00000000ab900000| Complete 
| 186|0x00000000aba00000, 0x00000000abb00000, 0x00000000abb00000|100%| E|CS|TAMS 0x00000000aba00000| PB 0x00000000aba00000| Complete 
| 187|0x00000000abb00000, 0x00000000abc00000, 0x00000000abc00000|100%| E|CS|TAMS 0x00000000abb00000| PB 0x00000000abb00000| Complete 
| 188|0x00000000abc00000, 0x00000000abd00000, 0x00000000abd00000|100%| E|CS|TAMS 0x00000000abc00000| PB 0x00000000abc00000| Complete 
| 189|0x00000000abd00000, 0x00000000abe00000, 0x00000000abe00000|100%| E|CS|TAMS 0x00000000abd00000| PB 0x00000000abd00000| Complete 
| 190|0x00000000abe00000, 0x00000000abf00000, 0x00000000abf00000|100%| E|CS|TAMS 0x00000000abe00000| PB 0x00000000abe00000| Complete 
| 191|0x00000000abf00000, 0x00000000ac000000, 0x00000000ac000000|100%| E|CS|TAMS 0x00000000abf00000| PB 0x00000000abf00000| Complete 
| 192|0x00000000ac000000, 0x00000000ac100000, 0x00000000ac100000|100%| E|CS|TAMS 0x00000000ac000000| PB 0x00000000ac000000| Complete 
| 193|0x00000000ac100000, 0x00000000ac200000, 0x00000000ac200000|100%| E|CS|TAMS 0x00000000ac100000| PB 0x00000000ac100000| Complete 
| 194|0x00000000ac200000, 0x00000000ac300000, 0x00000000ac300000|100%| E|CS|TAMS 0x00000000ac200000| PB 0x00000000ac200000| Complete 
| 195|0x00000000ac300000, 0x00000000ac400000, 0x00000000ac400000|100%| E|CS|TAMS 0x00000000ac300000| PB 0x00000000ac300000| Complete 
| 196|0x00000000ac400000, 0x00000000ac500000, 0x00000000ac500000|100%| E|CS|TAMS 0x00000000ac400000| PB 0x00000000ac400000| Complete 
| 197|0x00000000ac500000, 0x00000000ac600000, 0x00000000ac600000|100%| E|CS|TAMS 0x00000000ac500000| PB 0x00000000ac500000| Complete 
| 198|0x00000000ac600000, 0x00000000ac700000, 0x00000000ac700000|100%| E|CS|TAMS 0x00000000ac600000| PB 0x00000000ac600000| Complete 
| 199|0x00000000ac700000, 0x00000000ac800000, 0x00000000ac800000|100%| E|CS|TAMS 0x00000000ac700000| PB 0x00000000ac700000| Complete 
| 200|0x00000000ac800000, 0x00000000ac900000, 0x00000000ac900000|100%| E|CS|TAMS 0x00000000ac800000| PB 0x00000000ac800000| Complete 
| 201|0x00000000ac900000, 0x00000000aca00000, 0x00000000aca00000|100%| E|CS|TAMS 0x00000000ac900000| PB 0x00000000ac900000| Complete 
| 202|0x00000000aca00000, 0x00000000acb00000, 0x00000000acb00000|100%| E|CS|TAMS 0x00000000aca00000| PB 0x00000000aca00000| Complete 
| 203|0x00000000acb00000, 0x00000000acc00000, 0x00000000acc00000|100%| E|CS|TAMS 0x00000000acb00000| PB 0x00000000acb00000| Complete 
| 204|0x00000000acc00000, 0x00000000acd00000, 0x00000000acd00000|100%| E|CS|TAMS 0x00000000acc00000| PB 0x00000000acc00000| Complete 
| 205|0x00000000acd00000, 0x00000000ace00000, 0x00000000ace00000|100%| E|CS|TAMS 0x00000000acd00000| PB 0x00000000acd00000| Complete 
| 206|0x00000000ace00000, 0x00000000acf00000, 0x00000000acf00000|100%| E|CS|TAMS 0x00000000ace00000| PB 0x00000000ace00000| Complete 
| 207|0x00000000acf00000, 0x00000000ad000000, 0x00000000ad000000|100%| E|CS|TAMS 0x00000000acf00000| PB 0x00000000acf00000| Complete 
| 208|0x00000000ad000000, 0x00000000ad100000, 0x00000000ad100000|100%| E|CS|TAMS 0x00000000ad000000| PB 0x00000000ad000000| Complete 
| 209|0x00000000ad100000, 0x00000000ad200000, 0x00000000ad200000|100%| E|CS|TAMS 0x00000000ad100000| PB 0x00000000ad100000| Complete 
| 210|0x00000000ad200000, 0x00000000ad300000, 0x00000000ad300000|100%| E|CS|TAMS 0x00000000ad200000| PB 0x00000000ad200000| Complete 
| 211|0x00000000ad300000, 0x00000000ad400000, 0x00000000ad400000|100%| E|CS|TAMS 0x00000000ad300000| PB 0x00000000ad300000| Complete 
| 212|0x00000000ad400000, 0x00000000ad500000, 0x00000000ad500000|100%| E|CS|TAMS 0x00000000ad400000| PB 0x00000000ad400000| Complete 
| 213|0x00000000ad500000, 0x00000000ad600000, 0x00000000ad600000|100%| E|CS|TAMS 0x00000000ad500000| PB 0x00000000ad500000| Complete 
| 214|0x00000000ad600000, 0x00000000ad700000, 0x00000000ad700000|100%| E|CS|TAMS 0x00000000ad600000| PB 0x00000000ad600000| Complete 
| 215|0x00000000ad700000, 0x00000000ad800000, 0x00000000ad800000|100%| E|CS|TAMS 0x00000000ad700000| PB 0x00000000ad700000| Complete 
| 216|0x00000000ad800000, 0x00000000ad900000, 0x00000000ad900000|100%| E|CS|TAMS 0x00000000ad800000| PB 0x00000000ad800000| Complete 
| 217|0x00000000ad900000, 0x00000000ada00000, 0x00000000ada00000|100%| E|CS|TAMS 0x00000000ad900000| PB 0x00000000ad900000| Complete 
| 218|0x00000000ada00000, 0x00000000adb00000, 0x00000000adb00000|100%| E|CS|TAMS 0x00000000ada00000| PB 0x00000000ada00000| Complete 
| 219|0x00000000adb00000, 0x00000000adc00000, 0x00000000adc00000|100%| E|CS|TAMS 0x00000000adb00000| PB 0x00000000adb00000| Complete 
| 220|0x00000000adc00000, 0x00000000add00000, 0x00000000add00000|100%| E|CS|TAMS 0x00000000adc00000| PB 0x00000000adc00000| Complete 
| 221|0x00000000add00000, 0x00000000ade00000, 0x00000000ade00000|100%| E|CS|TAMS 0x00000000add00000| PB 0x00000000add00000| Complete 
| 222|0x00000000ade00000, 0x00000000adf00000, 0x00000000adf00000|100%| E|CS|TAMS 0x00000000ade00000| PB 0x00000000ade00000| Complete 
| 223|0x00000000adf00000, 0x00000000ae000000, 0x00000000ae000000|100%| E|CS|TAMS 0x00000000adf00000| PB 0x00000000adf00000| Complete 
| 224|0x00000000ae000000, 0x00000000ae100000, 0x00000000ae100000|100%| E|CS|TAMS 0x00000000ae000000| PB 0x00000000ae000000| Complete 
| 225|0x00000000ae100000, 0x00000000ae200000, 0x00000000ae200000|100%| E|CS|TAMS 0x00000000ae100000| PB 0x00000000ae100000| Complete 
| 226|0x00000000ae200000, 0x00000000ae300000, 0x00000000ae300000|100%| E|CS|TAMS 0x00000000ae200000| PB 0x00000000ae200000| Complete 
| 227|0x00000000ae300000, 0x00000000ae364980, 0x00000000ae400000| 39%| S|CS|TAMS 0x00000000ae300000| PB 0x00000000ae300000| Complete 
| 228|0x00000000ae400000, 0x00000000ae500000, 0x00000000ae500000|100%| S|CS|TAMS 0x00000000ae400000| PB 0x00000000ae400000| Complete 
| 229|0x00000000ae500000, 0x00000000ae600000, 0x00000000ae600000|100%| S|CS|TAMS 0x00000000ae500000| PB 0x00000000ae500000| Complete 
| 230|0x00000000ae600000, 0x00000000ae700000, 0x00000000ae700000|100%| S|CS|TAMS 0x00000000ae600000| PB 0x00000000ae600000| Complete 
| 231|0x00000000ae700000, 0x00000000ae800000, 0x00000000ae800000|100%| S|CS|TAMS 0x00000000ae700000| PB 0x00000000ae700000| Complete 
| 232|0x00000000ae800000, 0x00000000ae900000, 0x00000000ae900000|100%| E|CS|TAMS 0x00000000ae800000| PB 0x00000000ae800000| Complete 
| 233|0x00000000ae900000, 0x00000000aea00000, 0x00000000aea00000|100%| E|CS|TAMS 0x00000000ae900000| PB 0x00000000ae900000| Complete 
| 234|0x00000000aea00000, 0x00000000aeb00000, 0x00000000aeb00000|100%| E|CS|TAMS 0x00000000aea00000| PB 0x00000000aea00000| Complete 
| 235|0x00000000aeb00000, 0x00000000aec00000, 0x00000000aec00000|100%| E|CS|TAMS 0x00000000aeb00000| PB 0x00000000aeb00000| Complete 
| 236|0x00000000aec00000, 0x00000000aec00000, 0x00000000aed00000|  0%| F|  |TAMS 0x00000000aec00000| PB 0x00000000aec00000| Untracked 
| 237|0x00000000aed00000, 0x00000000aed00000, 0x00000000aee00000|  0%| F|  |TAMS 0x00000000aed00000| PB 0x00000000aed00000| Untracked 
| 238|0x00000000aee00000, 0x00000000aee00000, 0x00000000aef00000|  0%| F|  |TAMS 0x00000000aee00000| PB 0x00000000aee00000| Untracked 
| 239|0x00000000aef00000, 0x00000000aef00000, 0x00000000af000000|  0%| F|  |TAMS 0x00000000aef00000| PB 0x00000000aef00000| Untracked 
| 240|0x00000000af000000, 0x00000000af000000, 0x00000000af100000|  0%| F|  |TAMS 0x00000000af000000| PB 0x00000000af000000| Untracked 
| 241|0x00000000af100000, 0x00000000af100000, 0x00000000af200000|  0%| F|  |TAMS 0x00000000af100000| PB 0x00000000af100000| Untracked 
| 242|0x00000000af200000, 0x00000000af200000, 0x00000000af300000|  0%| F|  |TAMS 0x00000000af200000| PB 0x00000000af200000| Untracked 
| 243|0x00000000af300000, 0x00000000af300000, 0x00000000af400000|  0%| F|  |TAMS 0x00000000af300000| PB 0x00000000af300000| Untracked 
| 244|0x00000000af400000, 0x00000000af400000, 0x00000000af500000|  0%| F|  |TAMS 0x00000000af400000| PB 0x00000000af400000| Untracked 
| 245|0x00000000af500000, 0x00000000af500000, 0x00000000af600000|  0%| F|  |TAMS 0x00000000af500000| PB 0x00000000af500000| Untracked 
| 246|0x00000000af600000, 0x00000000af600000, 0x00000000af700000|  0%| F|  |TAMS 0x00000000af600000| PB 0x00000000af600000| Untracked 
| 247|0x00000000af700000, 0x00000000af700000, 0x00000000af800000|  0%| F|  |TAMS 0x00000000af700000| PB 0x00000000af700000| Untracked 
| 248|0x00000000af800000, 0x00000000af800000, 0x00000000af900000|  0%| F|  |TAMS 0x00000000af800000| PB 0x00000000af800000| Untracked 
| 249|0x00000000af900000, 0x00000000af900000, 0x00000000afa00000|  0%| F|  |TAMS 0x00000000af900000| PB 0x00000000af900000| Untracked 
| 250|0x00000000afa00000, 0x00000000afa00000, 0x00000000afb00000|  0%| F|  |TAMS 0x00000000afa00000| PB 0x00000000afa00000| Untracked 
| 251|0x00000000afb00000, 0x00000000afb00000, 0x00000000afc00000|  0%| F|  |TAMS 0x00000000afb00000| PB 0x00000000afb00000| Untracked 
| 252|0x00000000afc00000, 0x00000000afc00000, 0x00000000afd00000|  0%| F|  |TAMS 0x00000000afc00000| PB 0x00000000afc00000| Untracked 
| 253|0x00000000afd00000, 0x00000000afd00000, 0x00000000afe00000|  0%| F|  |TAMS 0x00000000afd00000| PB 0x00000000afd00000| Untracked 
| 254|0x00000000afe00000, 0x00000000afe00000, 0x00000000aff00000|  0%| F|  |TAMS 0x00000000afe00000| PB 0x00000000afe00000| Untracked 
| 255|0x00000000aff00000, 0x00000000b0000000, 0x00000000b0000000|100%| E|CS|TAMS 0x00000000aff00000| PB 0x00000000aff00000| Complete 
|1514|0x00000000fea00000, 0x00000000feb00000, 0x00000000feb00000|100%| O|  |TAMS 0x00000000feb00000| PB 0x00000000feb00000| Updating 
|1515|0x00000000feb00000, 0x00000000fec00000, 0x00000000fec00000|100%| E|CS|TAMS 0x00000000feb00000| PB 0x00000000feb00000| Complete 
|1516|0x00000000fec00000, 0x00000000fed00000, 0x00000000fed00000|100%| O|  |TAMS 0x00000000fed00000| PB 0x00000000fed00000| Updating 
|1517|0x00000000fed00000, 0x00000000fee00000, 0x00000000fee00000|100%| O|  |TAMS 0x00000000fee00000| PB 0x00000000fee00000| Updating 
|1518|0x00000000fee00000, 0x00000000fef00000, 0x00000000fef00000|100%| O|  |TAMS 0x00000000fef00000| PB 0x00000000fef00000| Updating 
|1519|0x00000000fef00000, 0x00000000ff000000, 0x00000000ff000000|100%| O|  |TAMS 0x00000000ff000000| PB 0x00000000ff000000| Updating 
|1520|0x00000000ff000000, 0x00000000ff100000, 0x00000000ff100000|100%| O|  |TAMS 0x00000000ff100000| PB 0x00000000ff100000| Updating 
|1521|0x00000000ff100000, 0x00000000ff200000, 0x00000000ff200000|100%| O|  |TAMS 0x00000000ff200000| PB 0x00000000ff200000| Updating 
|1522|0x00000000ff200000, 0x00000000ff300000, 0x00000000ff300000|100%| O|  |TAMS 0x00000000ff300000| PB 0x00000000ff300000| Updating 
|1523|0x00000000ff300000, 0x00000000ff400000, 0x00000000ff400000|100%| O|  |TAMS 0x00000000ff400000| PB 0x00000000ff400000| Untracked 
|1524|0x00000000ff400000, 0x00000000ff500000, 0x00000000ff500000|100%| O|  |TAMS 0x00000000ff500000| PB 0x00000000ff500000| Updating 
|1525|0x00000000ff500000, 0x00000000ff600000, 0x00000000ff600000|100%| O|  |TAMS 0x00000000ff600000| PB 0x00000000ff600000| Untracked 
|1526|0x00000000ff600000, 0x00000000ff700000, 0x00000000ff700000|100%| O|  |TAMS 0x00000000ff700000| PB 0x00000000ff700000| Untracked 
|1527|0x00000000ff700000, 0x00000000ff800000, 0x00000000ff800000|100%| E|CS|TAMS 0x00000000ff700000| PB 0x00000000ff700000| Complete 
|1528|0x00000000ff800000, 0x00000000ff900000, 0x00000000ff900000|100%| O|  |TAMS 0x00000000ff900000| PB 0x00000000ff900000| Untracked 
|1529|0x00000000ff900000, 0x00000000ffa00000, 0x00000000ffa00000|100%| O|  |TAMS 0x00000000ffa00000| PB 0x00000000ffa00000| Untracked 
|1530|0x00000000ffa00000, 0x00000000ffb00000, 0x00000000ffb00000|100%| O|  |TAMS 0x00000000ffb00000| PB 0x00000000ffb00000| Untracked 
|1531|0x00000000ffb00000, 0x00000000ffc00000, 0x00000000ffc00000|100%| O|  |TAMS 0x00000000ffc00000| PB 0x00000000ffc00000| Untracked 
|1532|0x00000000ffc00000, 0x00000000ffd00000, 0x00000000ffd00000|100%| O|  |TAMS 0x00000000ffd00000| PB 0x00000000ffd00000| Untracked 
|1533|0x00000000ffd00000, 0x00000000ffe00000, 0x00000000ffe00000|100%| O|  |TAMS 0x00000000ffe00000| PB 0x00000000ffe00000| Untracked 
|1534|0x00000000ffe00000, 0x00000000fff00000, 0x00000000fff00000|100%| O|  |TAMS 0x00000000fff00000| PB 0x00000000fff00000| Untracked 
|1535|0x00000000fff00000, 0x0000000100000000, 0x0000000100000000|100%| O|  |TAMS 0x0000000100000000| PB 0x0000000100000000| Untracked 

Card table byte_map: [0x000001ed4bda0000,0x000001ed4c0a0000] _byte_map_base: 0x000001ed4b8a0000

Marking Bits: (CMBitMap*) 0x000001ed33db1f60
 Bits: [0x000001ed4c0a0000, 0x000001ed4d8a0000)

Polling page: 0x000001ed31cc0000

Metaspace:

Usage:
  Non-class:     89.37 MB used.
      Class:     14.04 MB used.
       Both:    103.41 MB used.

Virtual space:
  Non-class space:      128.00 MB reserved,      90.62 MB ( 71%) committed,  2 nodes.
      Class space:      416.00 MB reserved,      15.25 MB (  4%) committed,  1 nodes.
             Both:      544.00 MB reserved,     105.88 MB ( 19%) committed. 

Chunk freelists:
   Non-Class:  5.37 MB
       Class:  669.00 KB
        Both:  6.02 MB

MaxMetaspaceSize: 512.00 MB
CompressedClassSpaceSize: 416.00 MB
Initial GC threshold: 21.00 MB
Current GC threshold: 174.00 MB
CDS: on
 - commit_granule_bytes: 65536.
 - commit_granule_words: 8192.
 - virtual_space_node_default_size: 8388608.
 - enlarge_chunks_in_place: 1.
 - use_allocation_guard: 0.


Internal statistics:

num_allocs_failed_limit: 9.
num_arena_births: 4566.
num_arena_deaths: 222.
num_vsnodes_births: 3.
num_vsnodes_deaths: 0.
num_space_committed: 1694.
num_space_uncommitted: 0.
num_chunks_returned_to_freelist: 342.
num_chunks_taken_from_freelist: 9787.
num_chunk_merges: 86.
num_chunk_splits: 6068.
num_chunks_enlarged: 3543.
num_inconsistent_stats: 0.

CodeHeap 'non-profiled nmethods': size=119168Kb used=6222Kb max_used=7069Kb free=112945Kb
 bounds [0x000001ed43dc0000, 0x000001ed444b0000, 0x000001ed4b220000]
CodeHeap 'profiled nmethods': size=119104Kb used=25775Kb max_used=27068Kb free=93329Kb
 bounds [0x000001ed3c220000, 0x000001ed3dc90000, 0x000001ed43670000]
CodeHeap 'non-nmethods': size=7488Kb used=4677Kb max_used=4687Kb free=2810Kb
 bounds [0x000001ed43670000, 0x000001ed43b90000, 0x000001ed43dc0000]
 total_blobs=13808 nmethods=12770 adapters=937
 compilation: enabled
              stopped_count=0, restarted_count=0
 full_count=0

Compilation events (20 events):
Event: 22.619 Thread 0x000001ed77396b50 nmethod 15838 0x000001ed43fa7890 code [0x000001ed43fa7a20, 0x000001ed43fa7ae8]
Event: 22.619 Thread 0x000001ed7739a1d0 15840       1       org.jetbrains.kotlin.incremental.KotlinClassInfo$ExtraInfo::getInlineFunctionOrAccessorSnapshots (5 bytes)
Event: 22.619 Thread 0x000001ed7739a1d0 nmethod 15840 0x000001ed44019d90 code [0x000001ed44019f20, 0x000001ed44019fe8]
Event: 22.619 Thread 0x000001ed508a09c0 nmethod 15836 0x000001ed3dc89c90 code [0x000001ed3dc8a0a0, 0x000001ed3dc8ba28]
Event: 22.620 Thread 0x000001ed773978f0 15842       2       org.jetbrains.kotlin.load.kotlin.FileBasedKotlinClass$3::visitArray (42 bytes)
Event: 22.620 Thread 0x000001ed7739a1d0 15843       2       org.jetbrains.kotlin.load.kotlin.header.ReadKotlinClassHeaderAnnotationVisitor$KotlinMetadataArgumentVisitor::visitArray (43 bytes)
Event: 22.620 Thread 0x000001ed508a09c0 15845       2       org.jetbrains.kotlin.load.kotlin.FileBasedKotlinClass$3$1::<init> (16 bytes)
Event: 22.620 Thread 0x000001ed77396b50 15844       2       org.jetbrains.kotlin.load.kotlin.header.ReadKotlinClassHeaderAnnotationVisitor$CollectStringArrayAnnotationVisitor::<init> (16 bytes)
Event: 22.620 Thread 0x000001ed508a09c0 nmethod 15845 0x000001ed3dc8c310 code [0x000001ed3dc8c4c0, 0x000001ed3dc8c6a8]
Event: 22.620 Thread 0x000001ed77396b50 nmethod 15844 0x000001ed3dc8c790 code [0x000001ed3dc8c940, 0x000001ed3dc8cb70]
Event: 22.620 Thread 0x000001ed508a09c0 15846       2       org.jetbrains.kotlin.load.kotlin.FileBasedKotlinClass$3$1::visitEnd (10 bytes)
Event: 22.620 Thread 0x000001ed77396b50 15847       2       org.jetbrains.kotlin.load.kotlin.header.ReadKotlinClassHeaderAnnotationVisitor$CollectStringArrayAnnotationVisitor::visitEnd (21 bytes)
Event: 22.620 Thread 0x000001ed773978f0 nmethod 15842 0x000001ed3dc8cc10 code [0x000001ed3dc8ce00, 0x000001ed3dc8d258]
Event: 22.620 Thread 0x000001ed77396b50 nmethod 15847 0x000001ed3dc8d490 code [0x000001ed3dc8d660, 0x000001ed3dc8d8a8]
Event: 22.620 Thread 0x000001ed508a09c0 nmethod 15846 0x000001ed3dc8d990 code [0x000001ed3dc8db60, 0x000001ed3dc8ddf8]
Event: 22.620 Thread 0x000001ed7739a1d0 nmethod 15843 0x000001ed3dc8df90 code [0x000001ed3dc8e1a0, 0x000001ed3dc8e7d8]
Event: 22.621 Thread 0x000001ed7739a1d0 15849       2       org.jetbrains.org.objectweb.asm.ClassReader::readBytecodeInstructionOffset (1 bytes)
Event: 22.621 Thread 0x000001ed7739a1d0 nmethod 15849 0x000001ed3dc8e990 code [0x000001ed3dc8eb20, 0x000001ed3dc8ec28]
Event: 22.621 Thread 0x000001ed508a09c0 15850       2       org.jetbrains.org.objectweb.asm.tree.MethodNode::getLabelNode (29 bytes)
Event: 22.621 Thread 0x000001ed508a09c0 nmethod 15850 0x000001ed3dc8ec90 code [0x000001ed3dc8ee40, 0x000001ed3dc8f0a8]

GC Heap History (20 events):
Event: 9.767 GC heap before
{Heap before GC invocations=28 (full 0):
 garbage-first heap   total 126976K, used 115351K [0x00000000a0000000, 0x0000000100000000)
  region size 1024K, 44 young (45056K), 3 survivors (3072K)
 Metaspace       used 87602K, committed 89984K, reserved 557056K
  class space    used 12251K, committed 13440K, reserved 425984K
}
Event: 9.771 GC heap after
{Heap after GC invocations=29 (full 0):
 garbage-first heap   total 126976K, used 79017K [0x00000000a0000000, 0x0000000100000000)
  region size 1024K, 6 young (6144K), 6 survivors (6144K)
 Metaspace       used 87602K, committed 89984K, reserved 557056K
  class space    used 12251K, committed 13440K, reserved 425984K
}
Event: 20.991 GC heap before
{Heap before GC invocations=29 (full 0):
 garbage-first heap   total 126976K, used 111785K [0x00000000a0000000, 0x0000000100000000)
  region size 1024K, 39 young (39936K), 6 survivors (6144K)
 Metaspace       used 91114K, committed 93632K, reserved 557056K
  class space    used 12776K, committed 14016K, reserved 425984K
}
Event: 20.995 GC heap after
{Heap after GC invocations=30 (full 0):
 garbage-first heap   total 126976K, used 81584K [0x00000000a0000000, 0x0000000100000000)
  region size 1024K, 2 young (2048K), 2 survivors (2048K)
 Metaspace       used 91114K, committed 93632K, reserved 557056K
  class space    used 12776K, committed 14016K, reserved 425984K
}
Event: 21.875 GC heap before
{Heap before GC invocations=31 (full 0):
 garbage-first heap   total 143360K, used 116400K [0x00000000a0000000, 0x0000000100000000)
  region size 1024K, 37 young (37888K), 2 survivors (2048K)
 Metaspace       used 98481K, committed 100992K, reserved 557056K
  class space    used 13656K, committed 14912K, reserved 425984K
}
Event: 21.879 GC heap after
{Heap after GC invocations=32 (full 0):
 garbage-first heap   total 143360K, used 85308K [0x00000000a0000000, 0x0000000100000000)
  region size 1024K, 5 young (5120K), 5 survivors (5120K)
 Metaspace       used 98481K, committed 100992K, reserved 557056K
  class space    used 13656K, committed 14912K, reserved 425984K
}
Event: 22.266 GC heap before
{Heap before GC invocations=32 (full 0):
 garbage-first heap   total 143360K, used 141628K [0x00000000a0000000, 0x0000000100000000)
  region size 1024K, 49 young (50176K), 5 survivors (5120K)
 Metaspace       used 103173K, committed 105728K, reserved 557056K
  class space    used 14071K, committed 15360K, reserved 425984K
}
Event: 22.273 GC heap after
{Heap after GC invocations=33 (full 0):
 garbage-first heap   total 162816K, used 108036K [0x00000000a0000000, 0x0000000100000000)
  region size 1024K, 7 young (7168K), 7 survivors (7168K)
 Metaspace       used 103173K, committed 105728K, reserved 557056K
  class space    used 14071K, committed 15360K, reserved 425984K
}
Event: 22.319 GC heap before
{Heap before GC invocations=33 (full 0):
 garbage-first heap   total 162816K, used 141828K [0x00000000a0000000, 0x0000000100000000)
  region size 1024K, 41 young (41984K), 7 survivors (7168K)
 Metaspace       used 104032K, committed 106560K, reserved 557056K
  class space    used 14171K, committed 15424K, reserved 425984K
}
Event: 22.324 GC heap after
{Heap after GC invocations=34 (full 0):
 garbage-first heap   total 163840K, used 121391K [0x00000000a0000000, 0x0000000100000000)
  region size 1024K, 6 young (6144K), 6 survivors (6144K)
 Metaspace       used 104032K, committed 106560K, reserved 557056K
  class space    used 14171K, committed 15424K, reserved 425984K
}
Event: 22.360 GC heap before
{Heap before GC invocations=34 (full 0):
 garbage-first heap   total 163840K, used 143919K [0x00000000a0000000, 0x0000000100000000)
  region size 1024K, 29 young (29696K), 6 survivors (6144K)
 Metaspace       used 104163K, committed 106752K, reserved 557056K
  class space    used 14179K, committed 15488K, reserved 425984K
}
Event: 22.364 GC heap after
{Heap after GC invocations=35 (full 0):
 garbage-first heap   total 206848K, used 128776K [0x00000000a0000000, 0x0000000100000000)
  region size 1024K, 4 young (4096K), 4 survivors (4096K)
 Metaspace       used 104163K, committed 106752K, reserved 557056K
  class space    used 14179K, committed 15488K, reserved 425984K
}
Event: 22.411 GC heap before
{Heap before GC invocations=35 (full 0):
 garbage-first heap   total 265216K, used 173832K [0x00000000a0000000, 0x0000000100000000)
  region size 1024K, 49 young (50176K), 4 survivors (4096K)
 Metaspace       used 104326K, committed 106880K, reserved 557056K
  class space    used 14189K, committed 15488K, reserved 425984K
}
Event: 22.413 GC heap after
{Heap after GC invocations=36 (full 0):
 garbage-first heap   total 265216K, used 130615K [0x00000000a0000000, 0x0000000100000000)
  region size 1024K, 2 young (2048K), 2 survivors (2048K)
 Metaspace       used 104326K, committed 106880K, reserved 557056K
  class space    used 14189K, committed 15488K, reserved 425984K
}
Event: 22.466 GC heap before
{Heap before GC invocations=37 (full 0):
 garbage-first heap   total 265216K, used 214583K [0x00000000a0000000, 0x0000000100000000)
  region size 1024K, 85 young (87040K), 2 survivors (2048K)
 Metaspace       used 104754K, committed 107264K, reserved 557056K
  class space    used 14255K, committed 15488K, reserved 425984K
}
Event: 22.468 GC heap after
{Heap after GC invocations=38 (full 0):
 garbage-first heap   total 265216K, used 131302K [0x00000000a0000000, 0x0000000100000000)
  region size 1024K, 2 young (2048K), 2 survivors (2048K)
 Metaspace       used 104754K, committed 107264K, reserved 557056K
  class space    used 14255K, committed 15488K, reserved 425984K
}
Event: 22.538 GC heap before
{Heap before GC invocations=38 (full 0):
 garbage-first heap   total 265216K, used 221414K [0x00000000a0000000, 0x0000000100000000)
  region size 1024K, 91 young (93184K), 2 survivors (2048K)
 Metaspace       used 105460K, committed 107968K, reserved 557056K
  class space    used 14349K, committed 15616K, reserved 425984K
}
Event: 22.540 GC heap after
{Heap after GC invocations=39 (full 0):
 garbage-first heap   total 265216K, used 132975K [0x00000000a0000000, 0x0000000100000000)
  region size 1024K, 5 young (5120K), 5 survivors (5120K)
 Metaspace       used 105460K, committed 107968K, reserved 557056K
  class space    used 14349K, committed 15616K, reserved 425984K
}
Event: 22.550 GC heap before
{Heap before GC invocations=39 (full 0):
 garbage-first heap   total 265216K, used 139119K [0x00000000a0000000, 0x0000000100000000)
  region size 1024K, 12 young (12288K), 5 survivors (5120K)
 Metaspace       used 105536K, committed 108032K, reserved 557056K
  class space    used 14355K, committed 15616K, reserved 425984K
}
Event: 22.553 GC heap after
{Heap after GC invocations=40 (full 0):
 garbage-first heap   total 265216K, used 133204K [0x00000000a0000000, 0x0000000100000000)
  region size 1024K, 5 young (5120K), 5 survivors (5120K)
 Metaspace       used 105536K, committed 108032K, reserved 557056K
  class space    used 14355K, committed 15616K, reserved 425984K
}

Dll operation events (16 events):
Event: 0.004 Loaded shared library C:\Program Files\Java\jdk-21.0.11\bin\java.dll
Event: 0.025 Loaded shared library C:\Program Files\Java\jdk-21.0.11\bin\jsvml.dll
Event: 0.052 Loaded shared library C:\Program Files\Java\jdk-21.0.11\bin\zip.dll
Event: 0.053 Loaded shared library C:\Program Files\Java\jdk-21.0.11\bin\instrument.dll
Event: 0.056 Loaded shared library C:\Program Files\Java\jdk-21.0.11\bin\net.dll
Event: 0.057 Loaded shared library C:\Program Files\Java\jdk-21.0.11\bin\nio.dll
Event: 0.059 Loaded shared library C:\Program Files\Java\jdk-21.0.11\bin\zip.dll
Event: 0.233 Loaded shared library C:\Program Files\Java\jdk-21.0.11\bin\jimage.dll
Event: 0.332 Loaded shared library C:\Program Files\Java\jdk-21.0.11\bin\verify.dll
Event: 0.397 Loaded shared library C:\Users\Cesar\.gradle\native\1def1411415f61bf3af743bc5b6707747c0891f09f0c88961ee8f79bc544acac\windows-amd64\native-platform.dll
Event: 0.405 Loaded shared library C:\Users\Cesar\.gradle\native\0.2.7\x86_64-windows-gnu\gradle-fileevents.dll
Event: 1.098 Loaded shared library C:\Program Files\Java\jdk-21.0.11\bin\management.dll
Event: 1.099 Loaded shared library C:\Program Files\Java\jdk-21.0.11\bin\management_ext.dll
Event: 1.167 Loaded shared library C:\Program Files\Java\jdk-21.0.11\bin\extnet.dll
Event: 1.310 Loaded shared library C:\Program Files\Java\jdk-21.0.11\bin\sunmscapi.dll
Event: 10.301 Loaded shared library C:\Program Files\Java\jdk-21.0.11\bin\rmi.dll

Deoptimization events (20 events):
Event: 22.519 Thread 0x000001ed7328d300 Uncommon trap: trap_request=0xffffff45 fr.pc=0x000001ed4402b7c8 relative=0x0000000000001108
Event: 22.519 Thread 0x000001ed7328d300 Uncommon trap: reason=unstable_if action=reinterpret pc=0x000001ed4402b7c8 method=org.jetbrains.kotlin.com.intellij.util.io.IOUtil.writeCharSequence(Ljava/lang/CharSequence;Ljava/io/DataOutput;)V @ 38 c2
Event: 22.519 Thread 0x000001ed7328d300 DEOPT PACKING pc=0x000001ed4402b7c8 sp=0x00000021922fad40
Event: 22.519 Thread 0x000001ed7328d300 DEOPT UNPACKING pc=0x000001ed436c46a2 sp=0x00000021922fad10 mode 2
Event: 22.555 Thread 0x000001ed73289e80 Uncommon trap: trap_request=0xffffff45 fr.pc=0x000001ed44304798 relative=0x00000000000000d8
Event: 22.555 Thread 0x000001ed73289e80 Uncommon trap: reason=unstable_if action=reinterpret pc=0x000001ed44304798 method=org.jetbrains.org.objectweb.asm.AnnotationWriter.computeAnnotationsSize(Lorg/jetbrains/org/objectweb/asm/AnnotationWriter;Lorg/jetbrains/org/objectweb/asm/AnnotationWriter;L
Event: 22.555 Thread 0x000001ed73289e80 DEOPT PACKING pc=0x000001ed44304798 sp=0x00000021903face0
Event: 22.555 Thread 0x000001ed73289e80 DEOPT UNPACKING pc=0x000001ed436c46a2 sp=0x00000021903fac68 mode 2
Event: 22.555 Thread 0x000001ed73289e80 Uncommon trap: trap_request=0xffffff45 fr.pc=0x000001ed443dc99c relative=0x000000000000013c
Event: 22.555 Thread 0x000001ed73289e80 Uncommon trap: reason=unstable_if action=reinterpret pc=0x000001ed443dc99c method=org.jetbrains.org.objectweb.asm.AnnotationWriter.putAnnotations(Lorg/jetbrains/org/objectweb/asm/SymbolTable;Lorg/jetbrains/org/objectweb/asm/AnnotationWriter;Lorg/jetbrains
Event: 22.555 Thread 0x000001ed73289e80 DEOPT PACKING pc=0x000001ed443dc99c sp=0x00000021903facc0
Event: 22.555 Thread 0x000001ed73289e80 DEOPT UNPACKING pc=0x000001ed436c46a2 sp=0x00000021903fac50 mode 2
Event: 22.581 Thread 0x000001ed7379bf40 Uncommon trap: trap_request=0xffffffde fr.pc=0x000001ed441c4b98 relative=0x0000000000000c58
Event: 22.581 Thread 0x000001ed7379bf40 Uncommon trap: reason=class_check action=maybe_recompile pc=0x000001ed441c4b98 method=java.io.BufferedOutputStream.implWrite([BII)V @ 19 c2
Event: 22.581 Thread 0x000001ed7379bf40 DEOPT PACKING pc=0x000001ed441c4b98 sp=0x0000002192efac60
Event: 22.581 Thread 0x000001ed7379bf40 DEOPT UNPACKING pc=0x000001ed436c46a2 sp=0x0000002192efaba0 mode 2
Event: 22.600 Thread 0x000001ed73289e80 Uncommon trap: trap_request=0xffffff45 fr.pc=0x000001ed43efb0ac relative=0x0000000000001d4c
Event: 22.600 Thread 0x000001ed73289e80 Uncommon trap: reason=unstable_if action=reinterpret pc=0x000001ed43efb0ac method=java.util.zip.InflaterInputStream.read([BII)I @ 74 c2
Event: 22.600 Thread 0x000001ed73289e80 DEOPT PACKING pc=0x000001ed43efb0ac sp=0x00000021903fae80
Event: 22.600 Thread 0x000001ed73289e80 DEOPT UNPACKING pc=0x000001ed436c46a2 sp=0x00000021903faec0 mode 2

Classes loaded (20 events):
Event: 21.984 Loading class sun/security/ssl/SSLEngineOutputRecord$HandshakeMemo
Event: 21.984 Loading class sun/security/ssl/SSLEngineOutputRecord$RecordMemo
Event: 21.984 Loading class sun/security/ssl/SSLEngineOutputRecord$RecordMemo done
Event: 21.984 Loading class sun/security/ssl/SSLEngineOutputRecord$HandshakeMemo done
Event: 22.018 Loading class sun/security/ssl/PreSharedKeyExtension$SHPreSharedKeySpec
Event: 22.018 Loading class sun/security/ssl/PreSharedKeyExtension$SHPreSharedKeySpec done
Event: 22.166 Loading class sun/misc/Unsafe
Event: 22.166 Loading class sun/misc/Unsafe done
Event: 22.194 Loading class java/util/zip/ZipFile$ZipEntryIterator
Event: 22.194 Loading class java/util/zip/ZipFile$ZipEntryIterator done
Event: 22.417 Loading class java/io/UTFDataFormatException
Event: 22.417 Loading class java/io/UTFDataFormatException done
Event: 22.438 Loading class sun/nio/ch/ChannelOutputStream
Event: 22.439 Loading class sun/nio/ch/ChannelOutputStream done
Event: 22.456 Loading class java/nio/file/StandardCopyOption
Event: 22.456 Loading class java/nio/file/StandardCopyOption done
Event: 22.456 Loading class sun/nio/fs/WindowsFileCopy
Event: 22.457 Loading class sun/nio/fs/WindowsFileCopy done
Event: 22.483 Loading class java/util/stream/SortedOps$RefSortingSink
Event: 22.483 Loading class java/util/stream/SortedOps$RefSortingSink done

Classes unloaded (20 events):
Event: 22.384 Thread 0x000001ed50872ab0 Unloading class 0x000001ed52d42000 'java/lang/invoke/LambdaForm$MH+0x000001ed52d42000'
Event: 22.384 Thread 0x000001ed50872ab0 Unloading class 0x000001ed52d41c00 'java/lang/invoke/LambdaForm$MH+0x000001ed52d41c00'
Event: 22.384 Thread 0x000001ed50872ab0 Unloading class 0x000001ed52d41000 'java/lang/invoke/LambdaForm$MH+0x000001ed52d41000'
Event: 22.384 Thread 0x000001ed50872ab0 Unloading class 0x000001ed52d40800 'java/lang/invoke/LambdaForm$BMH+0x000001ed52d40800'
Event: 22.384 Thread 0x000001ed50872ab0 Unloading class 0x000001ed52ce0800 'jdk/internal/reflect/GeneratedSerializationConstructorAccessor61'
Event: 22.384 Thread 0x000001ed50872ab0 Unloading class 0x000001ed52cb8400 'java/lang/invoke/LambdaForm$DMH+0x000001ed52cb8400'
Event: 22.384 Thread 0x000001ed50872ab0 Unloading class 0x000001ed52c98800 'java/lang/invoke/LambdaForm$DMH+0x000001ed52c98800'
Event: 22.622 Thread 0x000001ed50872ab0 Unloading class 0x000001ed52f1b400 'java/lang/invoke/LambdaForm$DMH+0x000001ed52f1b400'
Event: 22.622 Thread 0x000001ed50872ab0 Unloading class 0x000001ed52f1b000 'java/lang/invoke/LambdaForm$DMH+0x000001ed52f1b000'
Event: 22.622 Thread 0x000001ed50872ab0 Unloading class 0x000001ed52f1a400 'java/lang/invoke/LambdaForm$DMH+0x000001ed52f1a400'
Event: 22.622 Thread 0x000001ed50872ab0 Unloading class 0x000001ed52f1a000 'java/lang/invoke/LambdaForm$DMH+0x000001ed52f1a000'
Event: 22.622 Thread 0x000001ed50872ab0 Unloading class 0x000001ed52f1ac00 'java/lang/invoke/LambdaForm$DMH+0x000001ed52f1ac00'
Event: 22.622 Thread 0x000001ed50872ab0 Unloading class 0x000001ed52f19800 'java/lang/invoke/LambdaForm$DMH+0x000001ed52f19800'
Event: 22.622 Thread 0x000001ed50872ab0 Unloading class 0x000001ed52f1a800 'java/lang/invoke/LambdaForm$DMH+0x000001ed52f1a800'
Event: 22.622 Thread 0x000001ed50872ab0 Unloading class 0x000001ed52f19400 'java/lang/invoke/LambdaForm$DMH+0x000001ed52f19400'
Event: 22.622 Thread 0x000001ed50872ab0 Unloading class 0x000001ed52f19000 'java/lang/invoke/LambdaForm$DMH+0x000001ed52f19000'
Event: 22.622 Thread 0x000001ed50872ab0 Unloading class 0x000001ed52f19c00 'java/lang/invoke/LambdaForm$DMH+0x000001ed52f19c00'
Event: 22.622 Thread 0x000001ed50872ab0 Unloading class 0x000001ed52f18c00 'java/lang/invoke/LambdaForm$DMH+0x000001ed52f18c00'
Event: 22.622 Thread 0x000001ed50872ab0 Unloading class 0x000001ed52f18000 'java/lang/invoke/LambdaForm$DMH+0x000001ed52f18000'
Event: 22.622 Thread 0x000001ed50872ab0 Unloading class 0x000001ed52f18800 'java/lang/invoke/LambdaForm$DMH+0x000001ed52f18800'

Classes redefined (0 events):
No events

Internal exceptions (20 events):
Event: 22.217 Thread 0x000001ed7328aba0 Implicit null exception at 0x000001ed440385eb to 0x000001ed44039158
Event: 22.217 Thread 0x000001ed7328c5e0 Implicit null exception at 0x000001ed440385eb to 0x000001ed44039158
Event: 22.217 Thread 0x000001ed7328a510 Implicit null exception at 0x000001ed440385eb to 0x000001ed44039158
Event: 22.217 Thread 0x000001ed7379b220 Implicit null exception at 0x000001ed440385eb to 0x000001ed44039158
Event: 22.217 Thread 0x000001ed7328d300 Implicit null exception at 0x000001ed440385eb to 0x000001ed44039158
Event: 22.282 Thread 0x000001ed7328d300 Exception <a 'java/lang/NoSuchMethodError'{0x00000000ad4f4038}: 'int java.lang.invoke.DirectMethodHandle$Holder.invokeStatic(java.lang.Object, java.lang.Object, int, int)'> (0x00000000ad4f4038) 
thrown [s\open\src\hotspot\share\interpreter\linkResolver.cpp, line 773]
Event: 22.282 Thread 0x000001ed7379bf40 Exception <a 'java/lang/NoSuchMethodError'{0x00000000ad56df70}: 'int java.lang.invoke.DirectMethodHandle$Holder.invokeStatic(java.lang.Object, java.lang.Object, int, int)'> (0x00000000ad56df70) 
thrown [s\open\src\hotspot\share\interpreter\linkResolver.cpp, line 773]
Event: 22.282 Thread 0x000001ed73287db0 Exception <a 'java/lang/NoSuchMethodError'{0x00000000ad576568}: 'int java.lang.invoke.DirectMethodHandle$Holder.invokeStatic(java.lang.Object, java.lang.Object, int, int)'> (0x00000000ad576568) 
thrown [s\open\src\hotspot\share\interpreter\linkResolver.cpp, line 773]
Event: 22.282 Thread 0x000001ed732897f0 Exception <a 'java/lang/NoSuchMethodError'{0x00000000ad541cb0}: 'int java.lang.invoke.DirectMethodHandle$Holder.invokeStatic(java.lang.Object, java.lang.Object, int, int)'> (0x00000000ad541cb0) 
thrown [s\open\src\hotspot\share\interpreter\linkResolver.cpp, line 773]
Event: 22.282 Thread 0x000001ed7328c5e0 Exception <a 'java/lang/NoSuchMethodError'{0x00000000aff560e0}: 'int java.lang.invoke.DirectMethodHandle$Holder.invokeStatic(java.lang.Object, java.lang.Object, int, int)'> (0x00000000aff560e0) 
thrown [s\open\src\hotspot\share\interpreter\linkResolver.cpp, line 773]
Event: 22.282 Thread 0x000001ed7379d980 Exception <a 'java/lang/NoSuchMethodError'{0x00000000ad52b750}: 'int java.lang.invoke.DirectMethodHandle$Holder.invokeStatic(java.lang.Object, java.lang.Object, int, int)'> (0x00000000ad52b750) 
thrown [s\open\src\hotspot\share\interpreter\linkResolver.cpp, line 773]
Event: 22.282 Thread 0x000001ed7328a510 Exception <a 'java/lang/NoSuchMethodError'{0x00000000ad547038}: 'int java.lang.invoke.DirectMethodHandle$Holder.invokeStatic(java.lang.Object, java.lang.Object, int, int)'> (0x00000000ad547038) 
thrown [s\open\src\hotspot\share\interpreter\linkResolver.cpp, line 773]
Event: 22.282 Thread 0x000001ed73288ad0 Exception <a 'java/lang/NoSuchMethodError'{0x00000000ad523eb0}: 'int java.lang.invoke.DirectMethodHandle$Holder.invokeStatic(java.lang.Object, java.lang.Object, int, int)'> (0x00000000ad523eb0) 
thrown [s\open\src\hotspot\share\interpreter\linkResolver.cpp, line 773]
Event: 22.282 Thread 0x000001ed7328e020 Exception <a 'java/lang/NoSuchMethodError'{0x00000000ad554d48}: 'int java.lang.invoke.DirectMethodHandle$Holder.invokeStatic(java.lang.Object, java.lang.Object, int, int)'> (0x00000000ad554d48) 
thrown [s\open\src\hotspot\share\interpreter\linkResolver.cpp, line 773]
Event: 22.282 Thread 0x000001ed7379a500 Exception <a 'java/lang/NoSuchMethodError'{0x00000000ad51a870}: 'int java.lang.invoke.DirectMethodHandle$Holder.invokeStatic(java.lang.Object, java.lang.Object, int, int)'> (0x00000000ad51a870) 
thrown [s\open\src\hotspot\share\interpreter\linkResolver.cpp, line 773]
Event: 22.282 Thread 0x000001ed7379b220 Exception <a 'java/lang/NoSuchMethodError'{0x00000000ad5022e8}: 'int java.lang.invoke.DirectMethodHandle$Holder.invokeStatic(java.lang.Object, java.lang.Object, int, int)'> (0x00000000ad5022e8) 
thrown [s\open\src\hotspot\share\interpreter\linkResolver.cpp, line 773]
Event: 22.282 Thread 0x000001ed7379ed30 Exception <a 'java/lang/NoSuchMethodError'{0x00000000ad539118}: 'int java.lang.invoke.DirectMethodHandle$Holder.invokeStatic(java.lang.Object, java.lang.Object, int, int)'> (0x00000000ad539118) 
thrown [s\open\src\hotspot\share\interpreter\linkResolver.cpp, line 773]
Event: 22.282 Thread 0x000001ed7328aba0 Exception <a 'java/lang/NoSuchMethodError'{0x00000000ad508978}: 'int java.lang.invoke.DirectMethodHandle$Holder.invokeStatic(java.lang.Object, java.lang.Object, int, int)'> (0x00000000ad508978) 
thrown [s\open\src\hotspot\share\interpreter\linkResolver.cpp, line 773]
Event: 22.282 Thread 0x000001ed7328d990 Exception <a 'java/lang/NoSuchMethodError'{0x00000000ad5f3840}: 'int java.lang.invoke.DirectMethodHandle$Holder.invokeStatic(java.lang.Object, java.lang.Object, int, int)'> (0x00000000ad5f3840) 
thrown [s\open\src\hotspot\share\interpreter\linkResolver.cpp, line 773]
Event: 22.402 Thread 0x000001ed73289e80 Implicit null exception at 0x000001ed443e67ba to 0x000001ed443e6b8c

ZGC Phase Switch (0 events):
No events

VM Operations (20 events):
Event: 22.287 Executing VM operation: HandshakeAllThreads (Deoptimize) done
Event: 22.316 Executing VM operation: HandshakeAllThreads (Deoptimize)
Event: 22.317 Executing VM operation: HandshakeAllThreads (Deoptimize) done
Event: 22.319 Executing VM operation: G1CollectForAllocation (G1 Evacuation Pause)
Event: 22.325 Executing VM operation: G1CollectForAllocation (G1 Evacuation Pause) done
Event: 22.359 Executing VM operation: G1CollectForAllocation (G1 Evacuation Pause)
Event: 22.365 Executing VM operation: G1CollectForAllocation (G1 Evacuation Pause) done
Event: 22.383 Executing VM operation: G1PauseRemark
Event: 22.396 Executing VM operation: G1PauseRemark done
Event: 22.410 Executing VM operation: G1CollectForAllocation (G1 Evacuation Pause)
Event: 22.414 Executing VM operation: G1CollectForAllocation (G1 Evacuation Pause) done
Event: 22.424 Executing VM operation: G1PauseCleanup
Event: 22.425 Executing VM operation: G1PauseCleanup done
Event: 22.466 Executing VM operation: G1CollectForAllocation (G1 Evacuation Pause)
Event: 22.468 Executing VM operation: G1CollectForAllocation (G1 Evacuation Pause) done
Event: 22.537 Executing VM operation: G1CollectForAllocation (G1 Evacuation Pause)
Event: 22.540 Executing VM operation: G1CollectForAllocation (G1 Evacuation Pause) done
Event: 22.549 Executing VM operation: G1TryInitiateConcMark (G1 Humongous Allocation)
Event: 22.554 Executing VM operation: G1TryInitiateConcMark (G1 Humongous Allocation) done
Event: 22.621 Executing VM operation: G1PauseRemark

Events (20 events):
Event: 22.633 Thread 0x000001ed50872ab0 flushing nmethod 0x000001ed3c61a490
Event: 22.633 Thread 0x000001ed50872ab0 flushing nmethod 0x000001ed3c65a310
Event: 22.633 Thread 0x000001ed50872ab0 flushing nmethod 0x000001ed3c65a990
Event: 22.633 Thread 0x000001ed50872ab0 flushing nmethod 0x000001ed3c65af10
Event: 22.633 Thread 0x000001ed50872ab0 flushing nmethod 0x000001ed3c664910
Event: 22.633 Thread 0x000001ed50872ab0 flushing nmethod 0x000001ed3c667490
Event: 22.633 Thread 0x000001ed50872ab0 flushing nmethod 0x000001ed3c668190
Event: 22.633 Thread 0x000001ed50872ab0 flushing nmethod 0x000001ed3c66bd10
Event: 22.633 Thread 0x000001ed50872ab0 flushing nmethod 0x000001ed3c6e5f90
Event: 22.633 Thread 0x000001ed50872ab0 flushing nmethod 0x000001ed3c6e6390
Event: 22.633 Thread 0x000001ed50872ab0 flushing nmethod 0x000001ed3c6ed510
Event: 22.633 Thread 0x000001ed50872ab0 flushing nmethod 0x000001ed3c807910
Event: 22.633 Thread 0x000001ed50872ab0 flushing nmethod 0x000001ed3c883b90
Event: 22.633 Thread 0x000001ed50872ab0 flushing nmethod 0x000001ed3c8da410
Event: 22.633 Thread 0x000001ed50872ab0 flushing nmethod 0x000001ed3cc9ca90
Event: 22.633 Thread 0x000001ed50872ab0 flushing nmethod 0x000001ed3cd6b710
Event: 22.633 Thread 0x000001ed50872ab0 flushing nmethod 0x000001ed3cd6c190
Event: 22.633 Thread 0x000001ed50872ab0 flushing nmethod 0x000001ed3cec8910
Event: 22.633 Thread 0x000001ed50872ab0 flushing nmethod 0x000001ed3d192310
Event: 22.633 Thread 0x000001ed50872ab0 flushing nmethod 0x000001ed3d193e90


Dynamic libraries:
0x00007ff7d8530000 - 0x00007ff7d8540000 	C:\Program Files\Java\jdk-21.0.11\bin\java.exe
0x00007fffa7230000 - 0x00007fffa7428000 	C:\WINDOWS\SYSTEM32\ntdll.dll
0x00007fffa5630000 - 0x00007fffa56f2000 	C:\WINDOWS\System32\KERNEL32.DLL
0x00007fffa4cd0000 - 0x00007fffa4fc6000 	C:\WINDOWS\System32\KERNELBASE.dll
0x00007fffa48c0000 - 0x00007fffa49c0000 	C:\WINDOWS\System32\ucrtbase.dll
0x00007fffa0130000 - 0x00007fffa014e000 	C:\Program Files\Java\jdk-21.0.11\bin\VCRUNTIME140.dll
0x00007fffa0190000 - 0x00007fffa01a9000 	C:\Program Files\Java\jdk-21.0.11\bin\jli.dll
0x00007fffa6950000 - 0x00007fffa6a01000 	C:\WINDOWS\System32\ADVAPI32.dll
0x00007fffa5400000 - 0x00007fffa549e000 	C:\WINDOWS\System32\msvcrt.dll
0x00007fffa67e0000 - 0x00007fffa687f000 	C:\WINDOWS\System32\sechost.dll
0x00007fffa6610000 - 0x00007fffa6730000 	C:\WINDOWS\System32\RPCRT4.dll
0x00007fffa49c0000 - 0x00007fffa49e7000 	C:\WINDOWS\System32\bcrypt.dll
0x00007fffa5840000 - 0x00007fffa59e1000 	C:\WINDOWS\System32\USER32.dll
0x00007fffa4bc0000 - 0x00007fffa4be2000 	C:\WINDOWS\System32\win32u.dll
0x00007fff8e6b0000 - 0x00007fff8e94b000 	C:\WINDOWS\WinSxS\amd64_microsoft.windows.common-controls_6595b64144ccf1df_6.0.19041.6456_none_60b8a6cb71f64256\COMCTL32.dll
0x00007fffa54a0000 - 0x00007fffa54cb000 	C:\WINDOWS\System32\GDI32.dll
0x00007fffa4aa0000 - 0x00007fffa4bb9000 	C:\WINDOWS\System32\gdi32full.dll
0x00007fffa5130000 - 0x00007fffa51cd000 	C:\WINDOWS\System32\msvcp_win.dll
0x00007fff9da60000 - 0x00007fff9da6a000 	C:\WINDOWS\SYSTEM32\VERSION.dll
0x00007fffa55a0000 - 0x00007fffa55cf000 	C:\WINDOWS\System32\IMM32.DLL
0x00007fffa09d0000 - 0x00007fffa09dc000 	C:\Program Files\Java\jdk-21.0.11\bin\vcruntime140_1.dll
0x00007fff8bba0000 - 0x00007fff8bc2d000 	C:\Program Files\Java\jdk-21.0.11\bin\msvcp140.dll
0x00007fff50c00000 - 0x00007fff51928000 	C:\Program Files\Java\jdk-21.0.11\bin\server\jvm.dll
0x00007fffa5530000 - 0x00007fffa559b000 	C:\WINDOWS\System32\WS2_32.dll
0x00007fffa3e50000 - 0x00007fffa3e9b000 	C:\WINDOWS\SYSTEM32\POWRPROF.dll
0x00007fff99cd0000 - 0x00007fff99cf7000 	C:\WINDOWS\SYSTEM32\WINMM.dll
0x00007fffa3cc0000 - 0x00007fffa3cd2000 	C:\WINDOWS\SYSTEM32\UMPDC.dll
0x00007fffa2670000 - 0x00007fffa2682000 	C:\WINDOWS\SYSTEM32\kernel.appcore.dll
0x00007fffa0180000 - 0x00007fffa018a000 	C:\Program Files\Java\jdk-21.0.11\bin\jimage.dll
0x00007fff98c40000 - 0x00007fff98e41000 	C:\WINDOWS\SYSTEM32\DBGHELP.DLL
0x00007fff86360000 - 0x00007fff86394000 	C:\WINDOWS\SYSTEM32\dbgcore.DLL
0x00007fffa4bf0000 - 0x00007fffa4c72000 	C:\WINDOWS\System32\bcryptPrimitives.dll
0x00007fff9b800000 - 0x00007fff9b810000 	C:\Program Files\Java\jdk-21.0.11\bin\instrument.dll
0x00007fffa0100000 - 0x00007fffa0121000 	C:\Program Files\Java\jdk-21.0.11\bin\java.dll
0x00007fffa5c10000 - 0x00007fffa6380000 	C:\WINDOWS\System32\SHELL32.dll
0x00007fffa2950000 - 0x00007fffa30f5000 	C:\WINDOWS\SYSTEM32\windows.storage.dll
0x00007fffa6e90000 - 0x00007fffa71e4000 	C:\WINDOWS\System32\combase.dll
0x00007fffa42f0000 - 0x00007fffa431b000 	C:\WINDOWS\SYSTEM32\Wldp.dll
0x00007fffa6880000 - 0x00007fffa694d000 	C:\WINDOWS\System32\OLEAUT32.dll
0x00007fffa6560000 - 0x00007fffa660d000 	C:\WINDOWS\System32\SHCORE.dll
0x00007fffa55d0000 - 0x00007fffa562b000 	C:\WINDOWS\System32\shlwapi.dll
0x00007fffa47f0000 - 0x00007fffa4814000 	C:\WINDOWS\SYSTEM32\profapi.dll
0x00007fff76890000 - 0x00007fff76967000 	C:\Program Files\Java\jdk-21.0.11\bin\jsvml.dll
0x00007fff9cff0000 - 0x00007fff9d008000 	C:\Program Files\Java\jdk-21.0.11\bin\zip.dll
0x00007fff9efa0000 - 0x00007fff9efb1000 	C:\Program Files\Java\jdk-21.0.11\bin\net.dll
0x00007fff9d500000 - 0x00007fff9d60a000 	C:\WINDOWS\SYSTEM32\WINHTTP.dll
0x00007fffa4050000 - 0x00007fffa40ba000 	C:\WINDOWS\system32\mswsock.dll
0x00007fff9dfc0000 - 0x00007fff9dfd6000 	C:\Program Files\Java\jdk-21.0.11\bin\nio.dll
0x00007fffa00f0000 - 0x00007fffa0100000 	C:\Program Files\Java\jdk-21.0.11\bin\verify.dll
0x00007fff93930000 - 0x00007fff93957000 	C:\Users\Cesar\.gradle\native\1def1411415f61bf3af743bc5b6707747c0891f09f0c88961ee8f79bc544acac\windows-amd64\native-platform.dll
0x00007fff7c3b0000 - 0x00007fff7c428000 	C:\Users\Cesar\.gradle\native\0.2.7\x86_64-windows-gnu\gradle-fileevents.dll
0x00007fffa1150000 - 0x00007fffa115a000 	C:\Program Files\Java\jdk-21.0.11\bin\management.dll
0x00007fffa1140000 - 0x00007fffa114c000 	C:\Program Files\Java\jdk-21.0.11\bin\management_ext.dll
0x00007fffa5b80000 - 0x00007fffa5b88000 	C:\WINDOWS\System32\PSAPI.DLL
0x00007fffa3ce0000 - 0x00007fffa3d1b000 	C:\WINDOWS\SYSTEM32\IPHLPAPI.DLL
0x00007fffa6e80000 - 0x00007fffa6e88000 	C:\WINDOWS\System32\NSI.dll
0x00007fff9ef90000 - 0x00007fff9ef99000 	C:\Program Files\Java\jdk-21.0.11\bin\extnet.dll
0x00007fffa4240000 - 0x00007fffa4258000 	C:\WINDOWS\SYSTEM32\CRYPTSP.dll
0x00007fffa3900000 - 0x00007fffa3938000 	C:\WINDOWS\system32\rsaenh.dll
0x00007fffa4770000 - 0x00007fffa479e000 	C:\WINDOWS\SYSTEM32\USERENV.dll
0x00007fffa4260000 - 0x00007fffa426c000 	C:\WINDOWS\SYSTEM32\CRYPTBASE.dll
0x00007fff987d0000 - 0x00007fff987de000 	C:\Program Files\Java\jdk-21.0.11\bin\sunmscapi.dll
0x00007fffa4fd0000 - 0x00007fffa512d000 	C:\WINDOWS\System32\CRYPT32.dll
0x00007fffa4360000 - 0x00007fffa4387000 	C:\WINDOWS\SYSTEM32\ncrypt.dll
0x00007fffa4320000 - 0x00007fffa435b000 	C:\WINDOWS\SYSTEM32\NTASN1.dll
0x00007fff97170000 - 0x00007fff97177000 	C:\WINDOWS\system32\wshunix.dll
0x00007fff97c30000 - 0x00007fff97c37000 	C:\Program Files\Java\jdk-21.0.11\bin\rmi.dll
0x00007fffa3d20000 - 0x00007fffa3dea000 	C:\WINDOWS\SYSTEM32\DNSAPI.dll
0x00007fff9c480000 - 0x00007fff9c48a000 	C:\Windows\System32\rasadhlp.dll
0x00007fff9bd70000 - 0x00007fff9bdf0000 	C:\WINDOWS\System32\fwpuclnt.dll

dbghelp: loaded successfully - version: 4.0.5 - missing functions: none
symbol engine: initialized successfully - sym options: 0x614 - pdb path: .;C:\Program Files\Java\jdk-21.0.11\bin;C:\WINDOWS\SYSTEM32;C:\WINDOWS\WinSxS\amd64_microsoft.windows.common-controls_6595b64144ccf1df_6.0.19041.6456_none_60b8a6cb71f64256;C:\Program Files\Java\jdk-21.0.11\bin\server;C:\Users\Cesar\.gradle\native\1def1411415f61bf3af743bc5b6707747c0891f09f0c88961ee8f79bc544acac\windows-amd64;C:\Users\Cesar\.gradle\native\0.2.7\x86_64-windows-gnu

VM Arguments:
jvm_args: --add-opens=java.base/java.lang=ALL-UNNAMED --add-opens=java.base/java.lang.invoke=ALL-UNNAMED --add-opens=java.base/java.util=ALL-UNNAMED --add-opens=java.prefs/java.util.prefs=ALL-UNNAMED --add-exports=jdk.compiler/com.sun.tools.javac.api=ALL-UNNAMED --add-exports=jdk.compiler/com.sun.tools.javac.util=ALL-UNNAMED --add-opens=java.base/java.util=ALL-UNNAMED --add-opens=java.prefs/java.util.prefs=ALL-UNNAMED --add-opens=java.base/java.nio.charset=ALL-UNNAMED --add-opens=java.base/java.net=ALL-UNNAMED --add-opens=java.base/java.util.concurrent.atomic=ALL-UNNAMED --add-opens=java.xml/javax.xml.namespace=ALL-UNNAMED -XX:MaxMetaspaceSize=512m -Xmx1536m -Dfile.encoding=UTF-8 -Duser.country=ES -Duser.language=es -Duser.variant -javaagent:C:\Users\Cesar\.gradle\wrapper\dists\gradle-8.14.3-bin\cv11ve7ro1n3o1j4so8xd9n66\gradle-8.14.3\lib\agents\gradle-instrumentation-agent-8.14.3.jar 
java_command: org.gradle.launcher.daemon.bootstrap.GradleDaemon 8.14.3
java_class_path (initial): C:\Users\Cesar\.gradle\wrapper\dists\gradle-8.14.3-bin\cv11ve7ro1n3o1j4so8xd9n66\gradle-8.14.3\lib\gradle-daemon-main-8.14.3.jar
Launcher Type: SUN_STANDARD

[Global flags]
     intx CICompilerCount                          = 12                                        {product} {ergonomic}
   size_t CompressedClassSpaceSize                 = 436207616                                 {product} {ergonomic}
     uint ConcGCThreads                            = 3                                         {product} {ergonomic}
     uint G1ConcRefinementThreads                  = 13                                        {product} {ergonomic}
   size_t G1HeapRegionSize                         = 1048576                                   {product} {ergonomic}
    uintx GCDrainStackTargetSize                   = 64                                        {product} {ergonomic}
   size_t InitialHeapSize                          = 268435456                                 {product} {ergonomic}
   size_t MarkStackSize                            = 4194304                                   {product} {ergonomic}
   size_t MaxHeapSize                              = 1610612736                                {product} {command line}
   size_t MaxMetaspaceSize                         = 536870912                                 {product} {command line}
   size_t MaxNewSize                               = 965738496                                 {product} {ergonomic}
   size_t MinHeapDeltaBytes                        = 1048576                                   {product} {ergonomic}
   size_t MinHeapSize                              = 8388608                                   {product} {ergonomic}
    uintx NonNMethodCodeHeapSize                   = 7602480                                {pd product} {ergonomic}
    uintx NonProfiledCodeHeapSize                  = 122027880                              {pd product} {ergonomic}
    uintx ProfiledCodeHeapSize                     = 122027880                              {pd product} {ergonomic}
    uintx ReservedCodeCacheSize                    = 251658240                              {pd product} {ergonomic}
     bool SegmentedCodeCache                       = true                                      {product} {ergonomic}
   size_t SoftMaxHeapSize                          = 1610612736                             {manageable} {ergonomic}
     bool UseCompressedOops                        = true                           {product lp64_product} {ergonomic}
     bool UseG1GC                                  = true                                      {product} {ergonomic}
     bool UseLargePagesIndividualAllocation        = false                                  {pd product} {ergonomic}

Logging:
Log output configuration:
 #0: stdout all=warning uptime,level,tags foldmultilines=false
 #1: stderr all=off uptime,level,tags foldmultilines=false

Environment Variables:
JAVA_HOME=C:\Program Files\Java\jdk-21.0.11
PATH=c:\Users\Cesar\AppData\Roaming\Code\User\globalStorage\github.copilot-chat\debugCommand;c:\Users\Cesar\AppData\Roaming\Code\User\globalStorage\github.copilot-chat\copilotCli;C:\Users\Cesar\AppData\Local\Programs\Microsoft VS Code;C:\Users\Cesar\AppData\Local\Programs\Python\Python314\Scripts\;C:\Users\Cesar\AppData\Local\Programs\Python\Python314\;C:\Program Files\Common Files\Oracle\Java\javapath;C:\Program Files\Microsoft\jdk-11.0.16.101-hotspot\bin;C:\Program Files (x86)\Common Files\Intel\Shared Libraries\redist\intel64\compiler;C:\WINDOWS\system32;C:\WINDOWS;C:\WINDOWS\System32\Wbem;C:\WINDOWS\System32\WindowsPowerShell\v1.0\;C:\WINDOWS\System32\OpenSSH\;C:\Program Files (x86)\NVIDIA Corporation\PhysX\Common;C:\Program Files\Microsoft SQL Server\Client SDK\ODBC\170\Tools\Binn\;C:\Program Files (x86)\AOMEI\AOMEI Backupper\7.0.0;C:\Program Files\Azure Data Studio\bin;C:\Users\Cesar\AppData\Local\Programs\Python\Python310;C:\Users\Cesar\AppData\Local\Packages\PythonSoftwareFoundation.Python.3.10_qbz5n2kfra8p0\LocalCache\local-packages\Python310\Scripts;C:\Program Files (x86)\Microsoft SQL Server\160\Tools\Binn\;C:\Program Files\Microsoft SQL Server\160\Tools\Binn\;C:\Program Files\Microsoft SQL Server\160\DTS\Binn\;C:\Program Files (x86)\Microsoft SQL Server\160\DTS\Binn\;C:\Program Files\Microsoft SQL Server\150\Tools\Binn\;C:\Program Files\dotnet\;C:\Program Files\Git\cmd;C:\Program Files\Java\jdk-21.0.11\bin;C:\Program Files\nodejs\;C:\ProgramData\chocolatey\bin;C:\Program Files\MySQL\MySQL Shell 8.0\bin\;C:\Users\Cesar\AppData\Local\Programs\Python\Launcher\;C:\Users\Cesar\AppData\Local\Microsoft\WindowsApps;C:\Program Files\Azure Data Studio\bin;C:\Users\Cesar\AppData\Local\Muse Hub\lib;C:\Users\Cesar\.dotnet\tools;C:\Users\Cesar\AppData\Local\Programs\Microsoft VS Code\bin;C:\Users\Cesar\.lmstudio\bin;C:\Users\Cesar\AppData\Roaming\npm
USERNAME=Cesar
LANG=en_US.UTF-8
OS=Windows_NT
PROCESSOR_IDENTIFIER=AMD64 Family 23 Model 113 Stepping 0, AuthenticAMD
TMP=C:\Users\Cesar\AppData\Local\Temp
TEMP=C:\Users\Cesar\AppData\Local\Temp




Periodic native trim disabled

---------------  S Y S T E M  ---------------

OS:
 Windows 10 , 64 bit Build 19041 (10.0.19041.5915)
OS uptime: 18 days 17:23 hours

CPU: total 16 (initial active 16) (16 cores per cpu, 2 threads per core) family 23 model 113 stepping 0 microcode 0x0, cx8, cmov, fxsr, ht, mmx, 3dnowpref, sse, sse2, sse3, ssse3, sse4a, sse4.1, sse4.2, popcnt, lzcnt, tsc, tscinvbit, avx, avx2, aes, clmul, bmi1, bmi2, adx, sha, fma, vzeroupper, clflush, clflushopt, rdtscp, rdpid, f16c
Processor Information for all 16 processors :
  Max Mhz: 3893, Current Mhz: 3893, Mhz Limit: 3893

Memory: 4k page, system-wide physical 16292M (3840M free)
TotalPageFile size 18340M (AvailPageFile size 51M)
current process WorkingSet (physical memory assigned to process): 603M, peak: 605M
current process commit charge ("private bytes"): 700M, peak: 785M

vm_info: Java HotSpot(TM) 64-Bit Server VM (21.0.11+9-LTS-211) for windows-amd64 JRE (21.0.11+9-LTS-211), built on 2026-03-11T00:23:15Z by "mach5run" with MS VC++ 17.13 (VS2022)

END.
